observer_summit_id,observer_latitude,observer_longitude,observer_elevation,target_summit_id,target_latitude,target_longitude,target_elevation,distance,contrast
819660,-80.8847,158.0264,2979.03,604430,-77.5297,167.1667,3788.36,417680,0.0302
1089192,-80.8728,158.3361,2477.32,604430,-77.5297,167.1667,3788.36,413724,0.028
1208551,-80.8156,158.5583,2342.05,604430,-77.5297,167.1667,3788.36,406248,0.0299
752782,-73.4425,-126.7508,3195.14,652837,-75.7975,-115.8133,3593.64,414402,0.0424
613494,-73.9661,162.635,3752.65,604430,-77.5297,167.1667,3788.36,414926,0.0276
729121,-77.5106,168.5717,3283.53,613494,-73.9661,162.635,3752.65,425867,0.0254
809794,-74.1714,162.3808,3007.7,729121,-77.5106,168.5717,3283.53,407196,0.0258
923748,-74.5508,162.5958,2735.01,602117,-78.1875,162.54,3797.29,404384,0.0203
649270,-31.8039,-68.9942,3608.59,300872,-28.1181,-67.915,4820.96,422814,0.0299
894551,-31.1069,-67.4433,2794.37,233713,-34.3986,-69.5797,5009.09,416965,0.0356
898305,-31.9878,-64.9364,2786.06,506,-32.6533,-70.0117,6915.52,482570,0.0706
898305,-31.9878,-64.9364,2786.06,21999,-33.0158,-69.455,5955.58,438853,0.0854
898305,-31.9878,-64.9364,2786.06,55466,-32.3039,-69.6806,5662.55,448001,0.0834
898305,-31.9878,-64.9364,2786.06,401050,-28.2575,-66.0378,4526.01,428093,0.0217
898305,-31.9878,-64.9364,2786.06,427107,-28.395,-66.0603,4439.18,413837,0.0262
898305,-31.9878,-64.9364,2786.06,507241,-28.8672,-67.1269,4151.82,405576,0.0369
1332911,-33.0622,-66.2069,2224.75,263886,-34.9186,-69.9942,4924.76,405575,0.0678
2114475,-30.8486,-66.5519,1740.24,1604,-33.3586,-69.7706,6572.56,412034,0.0605
2114475,-30.8486,-66.5519,1740.24,13299,-33.45,-69.7025,6079.92,414261,0.0518
12222,-29.0139,-67.8264,6100.21,3641,-32.0828,-70.0181,6377.33,400593,0.1016
702093,-29.6322,-67.6153,3389.8,21999,-33.0158,-69.455,5955.58,414817,0.0467
644174,-10.4306,-75.4225,3629.09,56167,-13.2317,-73.0911,5658.39,401718,0.0698
348762,-19.1361,-69.3172,4684.93,13607,-16.195,-71.5319,6074.93,402487,0.0838
658840,-5.8453,-78.03,3569.36,136857,-2.0047,-78.3417,5310.01,428452,0.0263
936308,-8.2469,117.9581,2711.01,894450,-8.0628,114.2619,2794.51,407355,0.0721
831061,-1.1558,133.9794,2946.82,610573,-3.6336,136.9231,3763.94,427607,0.0386
831061,-1.1558,133.9794,2946.82,675936,-3.5508,136.7556,3499.16,407483,0.0464
878537,-1.4544,133.8108,2829.05,610573,-3.6336,136.9231,3763.94,422175,0.0454
878537,-1.4544,133.8108,2829.05,675936,-3.5508,136.7556,3499.16,401677,0.0547
926176,-1.2711,133.9539,2730.36,610573,-3.6336,136.9231,3763.94,421664,0.0414
926176,-1.2711,133.9539,2730.36,675936,-3.5508,136.7556,3499.16,401406,0.0497
1282248,-1.3042,134.0767,2270.5,610573,-3.6336,136.9231,3763.94,408736,0.0437
634600,-9.6661,149.0083,3668.56,519403,-6.3108,147.09,4107.42,428724,0.0314
642607,-9.7061,148.9825,3635.42,519403,-6.3108,147.09,4107.42,431215,0.0298
781469,-6.2472,147.4447,3096.24,634600,-9.6661,149.0083,3668.56,417330,0.0263
781469,-6.2472,147.4447,3096.24,642607,-9.7061,148.9825,3635.42,420230,0.0248
463874,7.3775,-72.8447,4310.37,163423,4.6592,-75.3297,5219.34,408484,0.072
543767,7.6597,-72.9628,4018.35,143555,4.8939,-75.3236,5286.36,403306,0.0706
543767,7.6597,-72.9628,4018.35,163423,4.6592,-75.3297,5219.34,423992,0.0532
613433,7.1031,-75.9692,3752.9,50035,10.8389,-73.6861,5697.91,485197,0.022
613433,7.1031,-75.9692,3752.9,98850,10.8142,-73.6156,5450.55,486918,0.0207
613433,7.1031,-75.9692,3752.9,197486,10.7878,-73.6364,5112.59,483223,0.02
659001,7.8467,-73.2256,3568.69,143555,4.8939,-75.3236,5286.36,401926,0.0602
659001,7.8467,-73.2256,3568.69,163423,4.6592,-75.3297,5219.34,423909,0.0444
661048,9.5275,-70.1133,3560.33,98850,10.8142,-73.6156,5450.55,409139,0.1089
661048,9.5275,-70.1133,3560.33,197486,10.7878,-73.6364,5112.59,410275,0.1024
702844,5.9106,-76.2036,3386.58,581924,2.3797,-77.4325,3875.96,415593,0.0276
777523,7.3139,-75.7908,3109.57,50035,10.8389,-73.6861,5697.91,454998,0.0283
777523,7.3139,-75.7908,3109.57,98850,10.8142,-73.6156,5450.55,456638,0.0267
777523,7.3139,-75.7908,3109.57,197486,10.7878,-73.6364,5112.59,452947,0.0259
777523,7.3139,-75.7908,3109.57,569469,10.6369,-73.6681,3923.23,436886,0.0249
777523,7.3139,-75.7908,3109.57,597721,10.6639,-73.7686,3814.58,433670,0.0247
777523,7.3139,-75.7908,3109.57,650330,10.1144,-72.8975,3604.08,445058,0.0275
777523,7.3139,-75.7908,3109.57,679850,10.0319,-72.9517,3482.52,434416,0.0311
777634,7.3261,-75.8497,3109.18,50035,10.8389,-73.6861,5697.91,457154,0.0279
777634,7.3261,-75.8497,3109.18,98850,10.8142,-73.6156,5450.55,458904,0.0263
777634,7.3261,-75.8497,3109.18,197486,10.7878,-73.6364,5112.59,455208,0.0255
777634,7.3261,-75.8497,3109.18,569469,10.6369,-73.6681,3923.23,439232,0.0245
777634,7.3261,-75.8497,3109.18,597721,10.6639,-73.7686,3814.58,435860,0.0243
777634,7.3261,-75.8497,3109.18,679850,10.0319,-72.9517,3482.52,438153,0.0301
788989,9.9331,-72.9942,3072.11,777523,7.3139,-75.7908,3109.57,423474,0.0336
788989,9.9331,-72.9942,3072.11,777634,7.3261,-75.8497,3109.18,427272,0.0324
884709,7.9847,-73.2981,2815.15,143555,4.8939,-75.3236,5286.36,410112,0.0455
884709,7.9847,-73.2981,2815.15,163423,4.6592,-75.3297,5219.34,432591,0.0326
1005567,7.2658,-75.6806,2593.15,50035,10.8389,-73.6861,5697.91,453659,0.0246
1005567,7.2658,-75.6806,2593.15,98850,10.8142,-73.6156,5450.55,455066,0.0233
1005567,7.2658,-75.6806,2593.15,197486,10.7878,-73.6364,5112.59,451387,0.0226
1005567,7.2658,-75.6806,2593.15,569469,10.6369,-73.6681,3923.23,435156,0.0218
1005567,7.2658,-75.6806,2593.15,597721,10.6639,-73.7686,3814.58,432273,0.0215
1313355,1.9175,-75.2672,2242.21,49237,-0.485,-78.1422,5703.49,416574,0.0582
1872604,7.6022,-75.7653,1863.69,50035,10.8389,-73.6861,5697.91,426140,0.0322
1872604,7.6022,-75.7653,1863.69,98850,10.8142,-73.6156,5450.55,428042,0.0305
1872604,7.6022,-75.7653,1863.69,197486,10.7878,-73.6364,5112.59,424340,0.0297
1872604,7.6022,-75.7653,1863.69,569469,10.6369,-73.6681,3923.23,408496,0.0289
1872604,7.6022,-75.7653,1863.69,597721,10.6639,-73.7686,3814.58,404898,0.0287
1925515,7.4864,-75.8622,1834.95,50035,10.8389,-73.6861,5697.91,442733,0.0257
1925515,7.4864,-75.8622,1834.95,98850,10.8142,-73.6156,5450.55,444672,0.0241
1925515,7.4864,-75.8622,1834.95,197486,10.7878,-73.6364,5112.59,440969,0.0235
1764906,9.8706,-67.5153,1924.41,280903,8.5494,-70.9964,4877.42,409350,0.0764
702542,9.255,41.7306,3387.88,553174,12.0736,39.3783,3984.17,405321,0.0467
620475,16.2147,-96.1819,3724.69,490867,15.0433,-91.9036,4212.15,476275,0.0462
620475,16.2147,-96.1819,3724.69,525366,15.1325,-92.1083,4085.37,452403,0.0602
711235,15.26,-92.1392,3352.8,620475,16.2147,-96.1819,3724.69,445497,0.057
774496,16.0758,-96.2514,3119.32,525366,15.1325,-92.1083,4085.37,455928,0.0536
833178,15.44,-92.4339,2941.33,774496,16.0758,-96.2514,3119.32,414597,0.07
879645,16.5819,-95.8039,2826.46,525366,15.1325,-92.1083,4085.37,426869,0.0614
968236,16.0606,-96.1328,2653.78,525366,15.1325,-92.1083,4085.37,443196,0.0572
968236,16.0606,-96.1328,2653.78,833178,15.44,-92.4339,2941.33,401818,0.0749
1074735,16.1375,-95.97,2495.27,525366,15.1325,-92.1083,4085.37,428334,0.0645
1144923,16.7042,-95.8481,2410.46,525366,15.1325,-92.1083,4085.37,436401,0.0491
1268243,16.765,-94.4517,2283.54,498108,19.4942,-97.1475,4185.31,416208,0.0365
1399977,16.7128,-95.4992,2169.02,525366,15.1325,-92.1083,4085.37,402904,0.0669
1623851,16.1314,-95.885,2010.48,525366,15.1325,-92.1083,4085.37,419381,0.0655
1708522,16.7717,-94.1919,1957.83,67824,19.0303,-97.2703,5591.6,411283,0.0596
1708522,16.7717,-94.1919,1957.83,383919,18.9856,-97.3142,4580.73,412016,0.0492
1773700,16.8369,-94.2244,1919.38,67824,19.0303,-97.2703,5591.6,404103,0.065
1500792,10.3225,-70.6308,2093.04,463874,7.3775,-72.8447,4310.37,407908,0.0353
1815268,10.3956,-70.755,1895.77,463874,7.3775,-72.8447,4310.37,406591,0.0328
3083467,23.9639,86.1286,1380.91,0,27.9892,86.9256,8737.79,454622,0.0243
3083467,23.9639,86.1286,1380.91,2,27.7028,88.1475,8564.29,462219,0.0281
3083467,23.9639,86.1286,1380.91,6,27.9617,86.9325,8415.98,451736,0.0237
3083467,23.9639,86.1286,1380.91,7,27.8914,87.0886,8242.92,447138,0.0252
3083467,23.9639,86.1286,1380.91,157,27.6361,88.1183,7354.6,454297,0.0243
3083467,23.9639,86.1286,1380.91,195,27.7769,86.9811,7280.48,432474,0.0248
3083467,23.9639,86.1286,1380.91,611,27.7547,86.5733,6848.81,423858,0.0235
3083467,23.9639,86.1286,1380.91,1012,27.7556,86.8225,6687.89,427292,0.0228
669,29.1669,96.7231,6817.01,370,27.8725,92.5297,7029.02,434213,0.1694
669,29.1669,96.7231,6817.01,512,27.9372,92.6664,6913.09,419123,0.1852
669,29.1669,96.7231,6817.01,602,28.0619,92.6636,6853.93,414846,0.1922
669,29.1669,96.7231,6817.01,612,27.91,92.6264,6848.49,423853,0.1775
791,29.2022,96.6953,6763.08,512,27.9372,92.6664,6913.09,417800,0.1848
791,29.2022,96.6953,6763.08,602,28.0619,92.6636,6853.93,413378,0.192
791,29.2022,96.6953,6763.08,612,27.91,92.6264,6848.49,422546,0.1771
138256,28.7192,96.6672,5305.1,370,27.8725,92.5297,7029.02,415866,0.1771
138256,28.7192,96.6672,5305.1,512,27.9372,92.6664,6913.09,401107,0.1934
138256,28.7192,96.6672,5305.1,612,27.91,92.6264,6848.49,405639,0.1857
138256,28.7192,96.6672,5305.1,5982,27.8772,92.6233,6261.86,406818,0.1693
172090,28.2647,96.8825,5191.24,370,27.8725,92.5297,7029.02,429278,0.1667
172090,28.2647,96.8825,5191.24,512,27.9372,92.6664,6913.09,415123,0.1814
172090,28.2647,96.8825,5191.24,612,27.91,92.6264,6848.49,419357,0.1745
172090,28.2647,96.8825,5191.24,5982,27.8772,92.6233,6261.86,420082,0.1594
200673,28.0117,97.2531,5103.26,370,27.8725,92.5297,7029.02,464217,0.1277
200673,28.0117,97.2531,5103.26,512,27.9372,92.6664,6913.09,450475,0.14
200673,28.0117,97.2531,5103.26,602,28.0619,92.6636,6853.93,450447,0.1385
200673,28.0117,97.2531,5103.26,612,27.91,92.6264,6848.49,454524,0.1342
200673,28.0117,97.2531,5103.26,1326,28.1767,92.7672,6619.64,440393,0.1439
200673,28.0117,97.2531,5103.26,5982,27.8772,92.6233,6261.86,455002,0.1214
200673,28.0117,97.2531,5103.26,7583,28.2006,92.8828,6208.8,429140,0.147
243419,28.4553,96.6078,4981.99,370,27.8725,92.5297,7029.02,404970,0.1902
243908,28.7044,96.5244,4980.7,370,27.8725,92.5297,7029.02,401907,0.1886
246243,28.6658,96.6025,4974.37,370,27.8725,92.5297,7029.02,408474,0.1815
335744,28.1925,96.9233,4722.01,370,27.8725,92.5297,7029.02,432671,0.1558
335744,28.1925,96.9233,4722.01,512,27.9372,92.6664,6913.09,418629,0.17
335744,28.1925,96.9233,4722.01,612,27.91,92.6264,6848.49,422811,0.1634
364378,28.1008,93.0433,4639.96,200673,28.0117,97.2531,5103.26,413197,0.1342
397193,28.1314,96.7942,4538.74,370,27.8725,92.5297,7029.02,419644,0.1686
397193,28.1314,96.7942,4538.74,512,27.9372,92.6664,6913.09,405690,0.1832
397193,28.1314,96.7942,4538.74,602,28.0619,92.6636,6853.93,405229,0.1827
397193,28.1314,96.7942,4538.74,612,27.91,92.6264,6848.49,409832,0.1764
397193,28.1314,96.7942,4538.74,5982,27.8772,92.6233,6261.86,410433,0.1615
404453,27.7014,96.9442,4514.76,370,27.8725,92.5297,7029.02,434659,0.1502
404453,27.7014,96.9442,4514.76,7583,28.2006,92.8828,6208.8,402749,0.1647
417735,27.6322,96.8592,4471.16,370,27.8725,92.5297,7029.02,426854,0.158
417735,27.6322,96.8592,4471.16,512,27.9372,92.6664,6913.09,413836,0.1701
417735,27.6322,96.8592,4471.16,612,27.91,92.6264,6848.49,417575,0.1644
417735,27.6322,96.8592,4471.16,2260,27.8469,92.3947,6490.56,439999,0.1316
417735,27.6322,96.8592,4471.16,5982,27.8772,92.6233,6261.86,417688,0.1511
418536,27.6617,96.7003,4468.48,370,27.8725,92.5297,7029.02,410996,0.1773
418536,27.6617,96.7003,4468.48,612,27.91,92.6264,6848.49,401695,0.1842
418536,27.6617,96.7003,4468.48,2260,27.8469,92.3947,6490.56,424158,0.1493
418536,27.6617,96.7003,4468.48,5982,27.8772,92.6233,6261.86,401826,0.1701
418536,27.6617,96.7003,4468.48,382743,27.7708,92.5189,4584.4,411761,0.122
439803,28.0811,93.1164,4395.15,200673,28.0117,97.2531,5103.26,406016,0.1386
523085,27.7061,96.7164,4093.62,370,27.8725,92.5297,7029.02,412243,0.1699
523085,27.7061,96.7164,4093.62,602,28.0619,92.6636,6853.93,400269,0.1784
523085,27.7061,96.7164,4093.62,612,27.91,92.6264,6848.49,402885,0.1768
523085,27.7061,96.7164,4093.62,2260,27.8469,92.3947,6490.56,425444,0.1422
523085,27.7061,96.7164,4093.62,5982,27.8772,92.6233,6261.86,403062,0.1629
523085,27.7061,96.7164,4093.62,382743,27.7708,92.5189,4584.4,413145,0.1157
566035,27.8444,96.6964,3936.49,370,27.8725,92.5297,7029.02,409611,0.1712
566035,27.8444,96.6964,3936.49,612,27.91,92.6264,6848.49,400092,0.1786
566035,27.8444,96.6964,3936.49,5982,27.8772,92.6233,6261.86,400407,0.1643
569570,27.4233,96.9314,3922.82,370,27.8725,92.5297,7029.02,436402,0.1359
569570,27.4233,96.9314,3922.82,512,27.9372,92.6664,6913.09,423816,0.1464
569570,27.4233,96.9314,3922.82,602,28.0619,92.6636,6853.93,425941,0.1405
569570,27.4233,96.9314,3922.82,612,27.91,92.6264,6848.49,427378,0.1414
569570,27.4233,96.9314,3922.82,1326,28.1767,92.7672,6619.64,418049,0.1417
569570,27.4233,96.9314,3922.82,2260,27.8469,92.3947,6490.56,449357,0.1118
569570,27.4233,96.9314,3922.82,5982,27.8772,92.6233,6261.86,427298,0.1295
569570,27.4233,96.9314,3922.82,7450,28.1397,92.5719,6212.77,436185,0.1152
569570,27.4233,96.9314,3922.82,7583,28.2006,92.8828,6208.8,407429,0.144
569570,27.4233,96.9314,3922.82,30672,28.3686,92.8339,5860.02,416143,0.1234
569570,27.4233,96.9314,3922.82,42787,28.2628,92.9583,5752.09,401618,0.139
592912,25.74,95.037,3833.69,156,29.6392,95.0653,7354.89,433580,0.0368
592912,25.74,95.037,3833.69,281,29.8186,94.9608,7144.14,453581,0.0281
592912,25.74,95.037,3833.69,415,29.6622,95.1344,6984.65,436233,0.0337
592912,25.74,95.037,3833.69,827,29.8325,94.8672,6750.61,455371,0.0258
592912,25.74,95.037,3833.69,4889,29.585,95.1047,6307.04,427596,0.0327
592912,25.74,95.037,3833.69,5228,29.6178,96.0558,6292.68,442700,0.0323
592912,25.74,95.037,3833.69,12539,29.5539,96.0147,6093.91,434875,0.034
592912,25.74,95.037,3833.69,37113,29.4678,96.0489,5799.69,426328,0.036
592912,25.74,95.037,3833.69,40193,29.3986,94.8992,5772.87,407044,0.0382
592912,25.74,95.037,3833.69,48446,29.5508,95.0078,5709.17,423751,0.0303
592912,25.74,95.037,3833.69,53054,29.3653,94.9092,5677.82,403311,0.0391
592912,25.74,95.037,3833.69,56230,29.4767,96.0842,5658.07,428114,0.0344
592912,25.74,95.037,3833.69,100348,29.3775,94.8172,5444.54,405050,0.0373
592912,25.74,95.037,3833.69,128771,29.3622,96.0855,5338.18,415814,0.0378
592912,25.74,95.037,3833.69,134657,29.4417,94.9542,5317.59,411690,0.0328
622850,28.0375,96.7155,3715.47,370,27.8725,92.5297,7029.02,411519,0.1651
622850,28.0375,96.7155,3715.47,612,27.91,92.6264,6848.49,401793,0.1729
622850,28.0375,96.7155,3715.47,5982,27.8772,92.6233,6261.86,402304,0.1584
657694,27.7961,96.5911,3574.14,136070,27.8167,92.5228,5312.68,400126,0.1375
682973,26.0128,95.1447,3469.53,156,29.6392,95.0653,7354.89,403312,0.0485
682973,26.0128,95.1447,3469.53,281,29.8186,94.9608,7144.14,423570,0.0379
682973,26.0128,95.1447,3469.53,415,29.6622,95.1344,6984.65,405795,0.0438
682973,26.0128,95.1447,3469.53,5228,29.6178,96.0558,6292.68,410744,0.0435
682973,26.0128,95.1447,3469.53,12539,29.5539,96.0147,6093.91,402941,0.0456
682973,26.0128,95.1447,3469.53,21559,29.6269,95.895,5960.96,408583,0.0406
691882,25.9456,95.0769,3432.29,156,29.6392,95.0653,7354.89,410710,0.0438
691882,25.9456,95.0769,3432.29,281,29.8186,94.9608,7144.14,430808,0.0341
691882,25.9456,95.0769,3432.29,415,29.6622,95.1344,6984.65,413305,0.0402
691882,25.9456,95.0769,3432.29,4889,29.585,95.1047,6307.04,404691,0.0391
691882,25.9456,95.0769,3432.29,5228,29.6178,96.0558,6292.68,419525,0.0393
691882,25.9456,95.0769,3432.29,12539,29.5539,96.0147,6093.91,411694,0.0414
691882,25.9456,95.0769,3432.29,37113,29.4678,96.0489,5799.69,403163,0.0438
691882,25.9456,95.0769,3432.29,48446,29.5508,95.0078,5709.17,400937,0.0369
691882,25.9456,95.0769,3432.29,56230,29.4767,96.0842,5658.07,404960,0.042
692829,26.9997,97.2133,3428.42,1326,28.1767,92.7672,6619.64,457263,0.0869
692829,26.9997,97.2133,3428.42,4688,28.1725,92.6747,6316.17,465881,0.0754
692829,26.9997,97.2133,3428.42,7583,28.2006,92.8828,6208.8,447103,0.0881
692829,26.9997,97.2133,3428.42,177907,28.5322,93.3031,5172.73,420746,0.0848
701409,26.0739,95.1855,3392.76,281,29.8186,94.9608,7144.14,416975,0.0406
701409,26.0739,95.1855,3392.76,5228,29.6178,96.0558,6292.68,403241,0.0464
711941,27.0397,96.875,3349.98,370,27.8725,92.5297,7029.02,438610,0.1175
711941,27.0397,96.875,3349.98,512,27.9372,92.6664,6913.09,426942,0.1256
711941,27.0397,96.875,3349.98,602,28.0619,92.6636,6853.93,430431,0.1178
711941,27.0397,96.875,3349.98,612,27.91,92.6264,6848.49,430139,0.1217
711941,27.0397,96.875,3349.98,1326,28.1767,92.7672,6619.64,424014,0.1166
711941,27.0397,96.875,3349.98,4688,28.1725,92.6747,6316.17,432592,0.1031
711941,27.0397,96.875,3349.98,5982,27.8772,92.6233,6261.86,429693,0.1116
711941,27.0397,96.875,3349.98,7583,28.2006,92.8828,6208.8,413937,0.1179
711941,27.0397,96.875,3349.98,30672,28.3686,92.8339,5860.02,424360,0.0974
711941,27.0397,96.875,3349.98,42787,28.2628,92.9583,5752.09,409019,0.1122
724279,27.0919,97.1386,3301.54,370,27.8725,92.5297,7029.02,462833,0.0946
724279,27.0919,97.1386,3301.54,612,27.91,92.6264,6848.49,454210,0.0987
724279,27.0919,97.1386,3301.54,42787,28.2628,92.9583,5752.09,431709,0.0925
724279,27.0919,97.1386,3301.54,209463,28.33,93.2197,5077.64,409582,0.0984
805910,25.5975,94.0664,3019.2,156,29.6392,95.0653,7354.89,460058,0.0265
805910,25.5975,94.0664,3019.2,415,29.6622,95.1344,6984.65,464049,0.0235
805910,25.5975,94.0664,3019.2,50283,29.3236,94.7489,5696.28,419756,0.0301
805910,25.5975,94.0664,3019.2,100348,29.3775,94.8172,5444.54,426787,0.0264
805910,25.5975,94.0664,3019.2,289437,27.2756,90.3778,4853.26,411915,0.0775
805910,25.5975,94.0664,3019.2,362524,28.8125,96.105,4645.54,410396,0.0383
874505,25.3569,93.8997,2838.24,289437,27.2756,90.3778,4853.26,410746,0.0697
930226,25.6428,93.9611,2722.62,156,29.6392,95.0653,7354.89,457487,0.0261
930226,25.6428,93.9611,2722.62,40193,29.3986,94.8992,5772.87,427742,0.0271
930226,25.6428,93.9611,2722.62,50283,29.3236,94.7489,5696.28,416594,0.03
930226,25.6428,93.9611,2722.62,53054,29.3653,94.9092,5677.82,424347,0.0279
930226,25.6428,93.9611,2722.62,289437,27.2756,90.3778,4853.26,400226,0.0835
930226,25.6428,93.9611,2722.62,362524,28.8125,96.105,4645.54,411261,0.0367
945688,26.1942,94.9145,2693.91,281,29.8186,94.9608,7144.14,403040,0.04
945688,26.1942,94.9145,2693.91,827,29.8325,94.8672,6750.61,404586,0.0366
945688,26.1942,94.9145,2693.91,6396,29.6542,96.0406,6245.64,400317,0.0439
947778,25.1683,93.91,2689.85,289437,27.2756,90.3778,4853.26,423107,0.056
964539,25.8236,94.5992,2660.54,156,29.6392,95.0653,7354.89,426746,0.0337
964539,25.8236,94.5992,2660.54,415,29.6622,95.1344,6984.65,430067,0.0305
964539,25.8236,94.5992,2660.54,4889,29.585,95.1047,6307.04,421196,0.0297
1003095,27.2094,96.6342,2597.3,370,27.8725,92.5297,7029.02,411320,0.1378
1003095,27.2094,96.6342,2597.3,602,28.0619,92.6636,6853.93,402440,0.1392
1003095,27.2094,96.6342,2597.3,612,27.91,92.6264,6848.49,402664,0.1428
1003095,27.2094,96.6342,2597.3,4688,28.1725,92.6747,6316.17,404267,0.1232
1003095,27.2094,96.6342,2597.3,5982,27.8772,92.6233,6261.86,402334,0.1317
1003095,27.2094,96.6342,2597.3,7450,28.1397,92.5719,6212.77,413164,0.1131
1012564,26.2175,94.8783,2582.54,281,29.8186,94.9608,7144.14,400505,0.0405
1012564,26.2175,94.8783,2582.54,827,29.8325,94.8672,6750.61,401970,0.0367
1101031,25.4392,93.9055,2462.63,289437,27.2756,90.3778,4853.26,406462,0.0701
1126159,26.0797,94.6922,2431.85,281,29.8186,94.9608,7144.14,416582,0.0336
1126159,26.0797,94.6922,2431.85,415,29.6622,95.1344,6984.65,400718,0.0408
1126159,26.0797,94.6922,2431.85,827,29.8325,94.8672,6750.61,417645,0.0303
1129835,25.5403,93.9053,2427.95,289437,27.2756,90.3778,4853.26,400782,0.0763
1180624,27.3275,96.6614,2371.0,370,27.8725,92.5297,7029.02,411606,0.136
1180624,27.3275,96.6614,2371.0,602,28.0619,92.6636,6853.93,401967,0.139
1180624,27.3275,96.6614,2371.0,612,27.91,92.6264,6848.49,402767,0.1415
1180624,27.3275,96.6614,2371.0,4688,28.1725,92.6747,6316.17,403387,0.1236
1190909,27.3289,96.7103,2359.94,370,27.8725,92.5297,7029.02,416347,0.1305
1190909,27.3289,96.7103,2359.94,512,27.9372,92.6664,6913.09,404051,0.1407
1190909,27.3289,96.7103,2359.94,602,28.0619,92.6636,6853.93,406648,0.1336
1190909,27.3289,96.7103,2359.94,612,27.91,92.6264,6848.49,407495,0.136
1190909,27.3289,96.7103,2359.94,5982,27.8772,92.6233,6261.86,407294,0.1248
1222084,25.8417,94.4622,2328.26,156,29.6392,95.0653,7354.89,426410,0.0323
1222084,25.8417,94.4622,2328.26,281,29.8186,94.9608,7144.14,444918,0.0239
1453569,26.1642,94.6067,2127.65,6180,29.4308,96.3625,6254.2,402178,0.0449
1519777,25.2744,93.4703,2079.86,97,28.0475,90.4544,7501.17,429960,0.0585
1603360,24.3186,93.4239,2023.88,2260,27.8469,92.3947,6490.56,405562,0.0367
1658198,26.0972,94.2831,1989.07,156,29.6392,95.0653,7354.89,401283,0.0424
1658198,26.0972,94.2831,1989.07,415,29.6622,95.1344,6984.65,405139,0.0384
1701340,25.5308,91.8497,1962.31,2,27.7028,88.1475,8564.29,440163,0.0812
1701340,25.5308,91.8497,1962.31,153,27.6881,88.0497,7363.68,447464,0.0615
1701340,25.5308,91.8497,1962.31,157,27.6361,88.1183,7354.6,438683,0.0682
1701340,25.5308,91.8497,1962.31,1276,27.5781,88.2164,6630.67,427072,0.068
1857771,25.1722,93.2417,1871.98,97,28.0475,90.4544,7501.17,423055,0.0566
2082534,25.8531,94.1639,1755.58,156,29.6392,95.0653,7354.89,430232,0.0286
2102412,25.0992,93.0469,1746.09,97,28.0475,90.4544,7501.17,417036,0.0559
2102412,25.0992,93.0469,1746.09,121,28.2272,90.6153,7428.03,423478,0.0477
2102412,25.0992,93.0469,1746.09,4772,28.0522,90.7486,6312.3,400045,0.0513
2176793,25.1467,92.7247,1711.79,121,28.2272,90.6153,7428.03,401534,0.0572
2959200,25.4617,90.3222,1418.95,0,27.9892,86.9256,8737.79,439025,0.0657
2959200,25.4617,90.3222,1418.95,6,27.9617,86.9325,8415.98,436578,0.0642
2959200,25.4617,90.3222,1418.95,7,27.8914,87.0886,8242.92,419743,0.0742
2959200,25.4617,90.3222,1418.95,47,27.9306,87.1075,7757.46,421093,0.0663
3119110,26.1467,93.5067,1370.27,172090,28.2647,96.8825,5191.24,408519,0.0531
3157419,26.2589,93.3705,1358.95,172090,28.2647,96.8825,5191.24,412577,0.0534
3157419,26.2589,93.3705,1358.95,284309,28.8403,96.2628,4867.88,404559,0.0415
1920114,28.1417,105.7628,1837.84,115,29.595,101.8792,7437.52,411219,0.1089
1920114,28.1417,105.7628,1837.84,15787,31.1064,102.9019,6040.85,430243,0.038
2037391,28.2097,105.5397,1777.48,15787,31.1064,102.9019,6040.85,410710,0.0463
2037391,28.2097,105.5397,1777.48,168460,30.5756,102.4256,5202.87,400250,0.0559
2037391,28.2097,105.5397,1777.48,247823,30.615,102.4383,4969.95,402179,0.0515
2052527,28.4814,106.3283,1770.32,115,29.595,101.8792,7437.52,449867,0.0833
2119685,28.4133,106.2381,1737.79,115,29.595,101.8792,7437.52,443761,0.0863
986637,33.9506,35.8886,2623.33,694501,37.3453,34.3595,3421.18,401947,0.0254
1121844,38.6006,48.4581,2437.0,66440,35.9544,52.1105,5598.75,436976,0.0449
1121844,38.6006,48.4581,2437.0,480046,36.0872,51.9514,4251.62,416435,0.0438
1121844,38.6006,48.4581,2437.0,655896,36.2611,52.0292,3581.43,408719,0.0443
1121844,38.6006,48.4581,2437.0,658936,41.9594,46.3928,3569.0,412497,0.0237
1121844,38.6006,48.4581,2437.0,697257,41.9208,46.4514,3410.0,406531,0.0247
1121844,38.6006,48.4581,2437.0,735254,41.8967,46.4833,3260.0,402980,0.025
719625,32.8817,52.4017,3320.3,317095,36.3753,50.9608,4775.25,410216,0.0348
826029,36.7931,55.1944,2960.54,502104,36.5117,50.6986,4170.56,402244,0.1029
826029,36.7931,55.1944,2960.54,572782,36.55,50.5103,3910.74,418589,0.0836
826029,36.7931,55.1944,2960.54,628681,36.8408,50.3842,3692.33,428179,0.0722
851992,36.8367,55.2853,2892.98,502104,36.5117,50.6986,4170.56,410609,0.0939
851992,36.8367,55.2853,2892.98,572782,36.55,50.5103,3910.74,426890,0.0757
851992,36.8367,55.2853,2892.98,628681,36.8408,50.3842,3692.33,436111,0.0655
858341,36.7253,54.9672,2876.87,628681,36.8408,50.3842,3692.33,408310,0.0876
1024165,37.0933,55.6314,2565.48,317095,36.3753,50.9608,4775.25,423754,0.0844
1024165,37.0933,55.6314,2565.48,473207,36.3767,51.065,4276.48,414607,0.0841
1024165,37.0933,55.6314,2565.48,502104,36.5117,50.6986,4170.56,443871,0.0612
1216965,36.8894,55.0511,2333.29,572782,36.55,50.5103,3910.74,406440,0.0859
1216965,36.8894,55.0511,2333.29,628681,36.8408,50.3842,3692.33,415168,0.0757
2707315,37.6789,56.0067,1502.47,480046,36.0872,51.9514,4251.62,401713,0.0628
97267,39.1981,68.1953,5457.35,62,36.2544,71.8417,7695.1,458160,0.0861
97267,39.1981,68.1953,5457.35,109,36.4328,71.83,7460.3,443194,0.0982
97267,39.1981,68.1953,5457.35,337,36.5556,71.9894,7063.19,444027,0.0958
97267,39.1981,68.1953,5457.35,339,36.5367,71.9872,7061.41,445307,0.0942
97267,39.1981,68.1953,5457.35,610,36.1786,70.9831,6849.26,415768,0.0957
97267,39.1981,68.1953,5457.35,906,36.5772,71.9011,6722.73,436608,0.0961
97267,39.1981,68.1953,5457.35,3257,36.2147,70.9794,6404.29,412305,0.0925
97267,39.1981,68.1953,5457.35,7661,36.1428,70.9825,6206.26,418992,0.0833
97267,39.1981,68.1953,5457.35,8224,36.2408,70.9672,6189.56,409309,0.0921
97267,39.1981,68.1953,5457.35,36644,36.1525,70.6697,5803.94,402588,0.0864
97267,39.1981,68.1953,5457.35,46491,36.2292,70.8881,5723.29,406265,0.0865
97267,39.1981,68.1953,5457.35,94788,36.4742,71.2106,5467.62,402260,0.0947
105936,35.9303,69.9414,5422.37,93075,39.5656,70.22,5474.65,404967,0.0508
139596,39.1503,68.3186,5300.24,62,36.2544,71.8417,7695.1,446869,0.0925
139596,39.1503,68.3186,5300.24,109,36.4328,71.83,7460.3,431799,0.1054
139596,39.1503,68.3186,5300.24,337,36.5556,71.9894,7063.19,432492,0.1031
139596,39.1503,68.3186,5300.24,339,36.5367,71.9872,7061.41,433783,0.1015
139596,39.1503,68.3186,5300.24,610,36.1786,70.9831,6849.26,405163,0.1015
139596,39.1503,68.3186,5300.24,3257,36.2147,70.9794,6404.29,401674,0.0983
139596,39.1503,68.3186,5300.24,7661,36.1428,70.9825,6206.26,408418,0.0886
191141,39.1897,68.2936,5131.45,109,36.4328,71.83,7460.3,436375,0.0983
191141,39.1897,68.2936,5131.45,610,36.1786,70.9831,6849.26,409973,0.0947
191141,39.1897,68.2936,5131.45,7661,36.1428,70.9825,6206.26,413231,0.0824
198884,35.4858,69.61,5108.45,97267,39.1981,68.1953,5457.35,431300,0.043
198884,35.4858,69.61,5108.45,139596,39.1503,68.3186,5300.24,423159,0.0449
198884,35.4858,69.61,5108.45,191141,39.1897,68.2936,5131.45,427966,0.0412
212869,35.3686,68.7953,5067.99,97267,39.1981,68.1953,5457.35,429113,0.038
212869,35.3686,68.7953,5067.99,139596,39.1503,68.3186,5300.24,422614,0.039
212869,35.3686,68.7953,5067.99,172551,39.3289,70.0447,5189.77,453987,0.0294
212869,35.3686,68.7953,5067.99,191141,39.1897,68.2936,5131.45,427196,0.0359
223446,39.335,69.7539,5037.67,212869,35.3686,68.7953,5067.99,449100,0.0291
224460,39.2111,68.2842,5034.65,212869,35.3686,68.7953,5067.99,429649,0.0344
227216,39.2711,69.5722,5027.1,212869,35.3686,68.7953,5067.99,439336,0.0319
237830,39.1481,68.1511,4997.58,62,36.2544,71.8417,7695.1,457036,0.0822
237830,39.1481,68.1511,4997.58,610,36.1786,70.9831,6849.26,413673,0.0925
237830,39.1481,68.1511,4997.58,3257,36.2147,70.9794,6404.29,410243,0.0895
237830,39.1481,68.1511,4997.58,8224,36.2408,70.9672,6189.56,407260,0.0891
237830,39.1481,68.1511,4997.58,36644,36.1525,70.6697,5803.94,400105,0.0838
237830,39.1481,68.1511,4997.58,46491,36.2292,70.8881,5723.29,404113,0.0837
237830,39.1481,68.1511,4997.58,198884,35.4858,69.61,5108.45,427158,0.0422
250264,35.1544,68.4764,4962.85,139596,39.1503,68.3186,5300.24,444543,0.0279
250264,35.1544,68.4764,4962.85,191141,39.1897,68.2936,5131.45,448996,0.0255
250264,35.1544,68.4764,4962.85,224460,39.2111,68.2842,5034.65,451405,0.0242
250607,35.4711,69.4342,4961.87,97267,39.1981,68.1953,5457.35,428640,0.0418
250607,35.4711,69.4342,4961.87,139596,39.1503,68.3186,5300.24,420826,0.0435
250607,35.4711,69.4342,4961.87,172551,39.3289,70.0447,5189.77,432340,0.034
250607,35.4711,69.4342,4961.87,191141,39.1897,68.2936,5131.45,425598,0.0399
250607,35.4711,69.4342,4961.87,224460,39.2111,68.2842,5034.65,428103,0.0381
250607,35.4711,69.4342,4961.87,237830,39.1481,68.1511,4997.58,424304,0.0406
269806,35.4344,69.2481,4908.34,97267,39.1981,68.1953,5457.35,428725,0.0399
269806,35.4344,69.2481,4908.34,139596,39.1503,68.3186,5300.24,421283,0.0414
269806,35.4344,69.2481,4908.34,191141,39.1897,68.2936,5131.45,426008,0.038
269806,35.4344,69.2481,4908.34,224460,39.2111,68.2842,5034.65,428503,0.0362
269806,35.4344,69.2481,4908.34,227216,39.2711,69.5722,5027.1,427581,0.0329
283879,39.0744,68.1456,4869.08,62,36.2544,71.8417,7695.1,451772,0.086
283879,39.0744,68.1456,4869.08,109,36.4328,71.83,7460.3,437191,0.0982
283879,39.0744,68.1456,4869.08,610,36.1786,70.9831,6849.26,407536,0.0973
283879,39.0744,68.1456,4869.08,3257,36.2147,70.9794,6404.29,404135,0.0942
283879,39.0744,68.1456,4869.08,7661,36.1428,70.9825,6206.26,410692,0.0848
283879,39.0744,68.1456,4869.08,8224,36.2408,70.9672,6189.56,401164,0.0938
283879,39.0744,68.1456,4869.08,198884,35.4858,69.61,5108.45,419523,0.0453
283879,39.0744,68.1456,4869.08,250607,35.4711,69.4342,4961.87,416562,0.0441
283879,39.0744,68.1456,4869.08,269806,35.4344,69.2481,4908.34,416334,0.0421
285451,39.0728,68.5625,4864.64,62,36.2544,71.8417,7695.1,425999,0.1023
285451,39.0728,68.5625,4864.64,109,36.4328,71.83,7460.3,410668,0.1165
285451,39.0728,68.5625,4864.64,1192,36.3533,71.7353,6649.76,411445,0.0993
285451,39.0728,68.5625,4864.64,212869,35.3686,68.7953,5067.99,412403,0.0389
285451,39.0728,68.5625,4864.64,250264,35.1544,68.4764,4962.85,435772,0.0281
285451,39.0728,68.5625,4864.64,250607,35.4711,69.4342,4961.87,407844,0.045
285451,39.0728,68.5625,4864.64,269806,35.4344,69.2481,4908.34,409092,0.0425
299351,35.2875,68.7422,4825.3,97267,39.1981,68.1953,5457.35,437522,0.0324
299351,35.2875,68.7422,4825.3,139596,39.1503,68.3186,5300.24,431156,0.0333
299351,35.2875,68.7422,4825.3,172551,39.3289,70.0447,5189.77,463896,0.0247
299351,35.2875,68.7422,4825.3,191141,39.1897,68.2936,5131.45,435716,0.0305
299351,35.2875,68.7422,4825.3,224460,39.2111,68.2842,5034.65,438161,0.029
299351,35.2875,68.7422,4825.3,227216,39.2711,69.5722,5027.1,448995,0.0268
299351,35.2875,68.7422,4825.3,285451,39.0728,68.5625,4864.64,421206,0.0331
301937,39.2683,69.3567,4818.13,198884,35.4858,69.61,5108.45,421189,0.0352
301937,39.2683,69.3567,4818.13,212869,35.3686,68.7953,5067.99,436456,0.0305
301937,39.2683,69.3567,4818.13,250264,35.1544,68.4764,4962.85,464031,0.0219
301937,39.2683,69.3567,4818.13,269806,35.4344,69.2481,4908.34,426417,0.031
301937,39.2683,69.3567,4818.13,299351,35.2875,68.7422,4825.3,445967,0.0259
306952,39.2742,69.4325,4803.86,198884,35.4858,69.61,5108.45,421542,0.0345
306952,39.2742,69.4325,4803.86,212869,35.3686,68.7953,5067.99,437918,0.0302
306952,39.2742,69.4325,4803.86,250264,35.1544,68.4764,4962.85,465849,0.0216
306952,39.2742,69.4325,4803.86,269806,35.4344,69.2481,4908.34,427276,0.0309
310123,35.3439,68.9544,4794.76,97267,39.1981,68.1953,5457.35,433793,0.0349
310123,35.3439,68.9544,4794.76,139596,39.1503,68.3186,5300.24,426973,0.036
310123,35.3439,68.9544,4794.76,172551,39.3289,70.0447,5189.77,453463,0.0272
310123,35.3439,68.9544,4794.76,191141,39.1897,68.2936,5131.45,431608,0.033
310123,35.3439,68.9544,4794.76,223446,39.335,69.7539,5037.67,449376,0.0264
310123,35.3439,68.9544,4794.76,224460,39.2111,68.2842,5034.65,434077,0.0314
310123,35.3439,68.9544,4794.76,243123,39.3469,70.1369,4982.79,457209,0.0251
310123,35.3439,68.9544,4794.76,285451,39.0728,68.5625,4864.64,416083,0.0362
310123,35.3439,68.9544,4794.76,301937,39.2683,69.3567,4818.13,437819,0.0274
310123,35.3439,68.9544,4794.76,306952,39.2742,69.4325,4803.86,439067,0.0272
312197,35.2425,68.6644,4788.99,97267,39.1981,68.1953,5457.35,441797,0.0301
312197,35.2425,68.6644,4788.99,139596,39.1503,68.3186,5300.24,435604,0.0309
312197,35.2425,68.6644,4788.99,191141,39.1897,68.2936,5131.45,440133,0.0283
312197,35.2425,68.6644,4788.99,224460,39.2111,68.2842,5034.65,442568,0.0269
312197,35.2425,68.6644,4788.99,285451,39.0728,68.5625,4864.64,426005,0.0306
312197,35.2425,68.6644,4788.99,301937,39.2683,69.3567,4818.13,451817,0.0239
318194,39.2231,69.1975,4772.0,269806,35.4344,69.2481,4908.34,421307,0.0324
324184,39.1756,68.98,4754.96,62,36.2544,71.8417,7695.1,410889,0.1055
324184,39.1756,68.98,4754.96,57303,35.5864,70.1639,5651.36,412569,0.0504
324184,39.1756,68.98,4754.96,212869,35.3686,68.7953,5067.99,423633,0.0331
324184,39.1756,68.98,4754.96,250264,35.1544,68.4764,4962.85,449355,0.0247
324184,39.1756,68.98,4754.96,269806,35.4344,69.2481,4908.34,416676,0.0353
324184,39.1756,68.98,4754.96,284481,35.0833,68.3094,4867.37,458905,0.0219
324184,39.1756,68.98,4754.96,299351,35.2875,68.7422,4825.3,432848,0.0283
324184,39.1756,68.98,4754.96,310123,35.3439,68.9544,4794.76,426071,0.0296
324184,39.1756,68.98,4754.96,312197,35.2425,68.6644,4788.99,438231,0.0266
325146,38.9722,68.5042,4752.35,62,36.2544,71.8417,7695.1,421540,0.1077
325146,38.9722,68.5042,4752.35,109,36.4328,71.83,7460.3,406564,0.1222
325146,38.9722,68.5042,4752.35,337,36.5556,71.9894,7063.19,407450,0.1201
325146,38.9722,68.5042,4752.35,906,36.5772,71.9011,6722.73,400015,0.1207
325146,38.9722,68.5042,4752.35,212869,35.3686,68.7953,5067.99,401530,0.0436
325146,38.9722,68.5042,4752.35,250264,35.1544,68.4764,4962.85,424526,0.0312
325146,38.9722,68.5042,4752.35,299351,35.2875,68.7422,4825.3,410262,0.0373
325146,38.9722,68.5042,4752.35,310123,35.3439,68.9544,4794.76,405414,0.0407
325146,38.9722,68.5042,4752.35,312197,35.2425,68.6644,4788.99,414966,0.0346
340644,39.2572,69.12,4708.26,57303,35.5864,70.1639,5651.36,418445,0.0454
341869,39.1217,69.6481,4704.58,212869,35.3686,68.7953,5067.99,424091,0.0366
341869,39.1217,69.6481,4704.58,250264,35.1544,68.4764,4962.85,453192,0.0261
341869,39.1217,69.6481,4704.58,269806,35.4344,69.2481,4908.34,411532,0.038
341869,39.1217,69.6481,4704.58,299351,35.2875,68.7422,4825.3,433819,0.0311
341869,39.1217,69.6481,4704.58,310123,35.3439,68.9544,4794.76,424533,0.0334
367006,39.0933,69.0186,4632.23,62,36.2544,71.8417,7695.1,401674,0.1131
367006,39.0933,69.0186,4632.23,57303,35.5864,70.1639,5651.36,402868,0.0547
367006,39.0933,69.0186,4632.23,212869,35.3686,68.7953,5067.99,414638,0.0362
367006,39.0933,69.0186,4632.23,250264,35.1544,68.4764,4962.85,440612,0.0271
367006,39.0933,69.0186,4632.23,269806,35.4344,69.2481,4908.34,407357,0.0383
367006,39.0933,69.0186,4632.23,284481,35.0833,68.3094,4867.37,450302,0.024
367006,39.0933,69.0186,4632.23,299351,35.2875,68.7422,4825.3,423892,0.0311
367006,39.0933,69.0186,4632.23,310123,35.3439,68.9544,4794.76,416952,0.0325
367006,39.0933,69.0186,4632.23,312197,35.2425,68.6644,4788.99,429336,0.0292
372192,39.0972,68.1847,4616.93,3257,36.2147,70.9794,6404.29,404005,0.0898
372192,39.0972,68.1847,4616.93,8224,36.2408,70.9672,6189.56,401024,0.0895
372192,39.0972,68.1847,4616.93,198884,35.4858,69.61,5108.45,420880,0.0421
372192,39.0972,68.1847,4616.93,250607,35.4711,69.4342,4961.87,418069,0.0409
377318,35.4586,69.1836,4601.39,97267,39.1981,68.1953,5457.35,424887,0.0389
377318,35.4586,69.1836,4601.39,139596,39.1503,68.3186,5300.24,417560,0.0404
377318,35.4586,69.1836,4601.39,191141,39.1897,68.2936,5131.45,422270,0.0371
377318,35.4586,69.1836,4601.39,223446,39.335,69.7539,5037.67,433966,0.0298
377318,35.4586,69.1836,4601.39,224460,39.2111,68.2842,5034.65,424760,0.0353
377318,35.4586,69.1836,4601.39,227216,39.2711,69.5722,5027.1,425317,0.0321
377318,35.4586,69.1836,4601.39,285451,39.0728,68.5625,4864.64,405618,0.041
377318,35.4586,69.1836,4601.39,301937,39.2683,69.3567,4818.13,423894,0.0303
377318,35.4586,69.1836,4601.39,306952,39.2742,69.4325,4803.86,424844,0.0302
377318,35.4586,69.1836,4601.39,318194,39.2231,69.1975,4772.0,418594,0.0312
377318,35.4586,69.1836,4601.39,324184,39.1756,68.98,4754.96,413702,0.034
377318,35.4586,69.1836,4601.39,341869,39.1217,69.6481,4704.58,409383,0.037
377318,35.4586,69.1836,4601.39,367006,39.0933,69.0186,4632.23,404423,0.0369
383329,39.2383,69.2769,4582.51,198884,35.4858,69.61,5108.45,418294,0.0352
383329,39.2383,69.2769,4582.51,212869,35.3686,68.7953,5067.99,432391,0.0301
383329,39.2383,69.2769,4582.51,250264,35.1544,68.4764,4962.85,459604,0.0218
383329,39.2383,69.2769,4582.51,269806,35.4344,69.2481,4908.34,422981,0.0304
383329,39.2383,69.2769,4582.51,299351,35.2875,68.7422,4825.3,441847,0.0256
383329,39.2383,69.2769,4582.51,310123,35.3439,68.9544,4794.76,433975,0.0271
383329,39.2383,69.2769,4582.51,312197,35.2425,68.6644,4788.99,447604,0.0238
383329,39.2383,69.2769,4582.51,377318,35.4586,69.1836,4601.39,420364,0.0298
383612,39.1019,67.7911,4581.69,212869,35.3686,68.7953,5067.99,424527,0.0365
383612,39.1019,67.7911,4581.69,279895,35.3014,68.7989,4880.18,431910,0.032
383612,39.1019,67.7911,4581.69,293506,35.2264,68.7808,4841.5,439759,0.0286
383612,39.1019,67.7911,4581.69,299351,35.2875,68.7422,4825.3,432419,0.0311
383612,39.1019,67.7911,4581.69,312197,35.2425,68.6644,4788.99,436058,0.029
383612,39.1019,67.7911,4581.69,377318,35.4586,69.1836,4601.39,423419,0.0363
393418,39.3086,68.3958,4550.75,109,36.4328,71.83,7460.3,439385,0.0839
400830,39.2028,68.8069,4526.67,212869,35.3686,68.7953,5067.99,426344,0.0297
400830,39.2028,68.8069,4526.67,250264,35.1544,68.4764,4962.85,451111,0.0223
400830,39.2028,68.8069,4526.67,269806,35.4344,69.2481,4908.34,420837,0.033
400830,39.2028,68.8069,4526.67,299351,35.2875,68.7422,4825.3,435398,0.0254
400830,39.2028,68.8069,4526.67,310123,35.3439,68.9544,4794.76,429288,0.0276
400830,39.2028,68.8069,4526.67,312197,35.2425,68.6644,4788.99,440545,0.0239
400830,39.2028,68.8069,4526.67,377318,35.4586,69.1836,4601.39,417664,0.0319
401817,39.0483,69.1169,4523.39,212869,35.3686,68.7953,5067.99,410152,0.038
401817,39.0483,69.1169,4523.39,250264,35.1544,68.4764,4962.85,436687,0.0283
401817,39.0483,69.1169,4523.39,269806,35.4344,69.2481,4908.34,402014,0.0393
401817,39.0483,69.1169,4523.39,284481,35.0833,68.3094,4867.37,446665,0.0251
401817,39.0483,69.1169,4523.39,299351,35.2875,68.7422,4825.3,419496,0.0326
401817,39.0483,69.1169,4523.39,310123,35.3439,68.9544,4794.76,412161,0.0342
401817,39.0483,69.1169,4523.39,312197,35.2425,68.6644,4788.99,425079,0.0306
403655,38.9569,68.1717,4517.25,62,36.2544,71.8417,7695.1,441312,0.0917
403655,38.9569,68.1717,4517.25,109,36.4328,71.83,7460.3,426990,0.1044
403655,38.9569,68.1717,4517.25,339,36.5367,71.9872,7061.41,430004,0.0996
403655,38.9569,68.1717,4517.25,198884,35.4858,69.61,5108.45,406419,0.0494
403655,38.9569,68.1717,4517.25,250607,35.4711,69.4342,4961.87,403391,0.0481
403655,38.9569,68.1717,4517.25,269806,35.4344,69.2481,4908.34,403111,0.046
407356,39.1222,69.5947,4505.53,269806,35.4344,69.2481,4908.34,411208,0.0364
407356,39.1222,69.5947,4505.53,377318,35.4586,69.1836,4601.39,408992,0.0356
409404,39.095,69.5367,4498.82,212869,35.3686,68.7953,5067.99,419518,0.0364
409404,39.095,69.5367,4498.82,299351,35.2875,68.7422,4825.3,429178,0.031
409404,39.095,69.5367,4498.82,310123,35.3439,68.9544,4794.76,420274,0.0331
409404,39.095,69.5367,4498.82,377318,35.4586,69.1836,4601.39,405553,0.0367
409416,39.2594,68.7556,4498.78,212869,35.3686,68.7953,5067.99,432651,0.0274
409416,39.2594,68.7556,4498.78,269806,35.4344,69.2481,4908.34,427540,0.0305
409416,39.2594,68.7556,4498.78,299351,35.2875,68.7422,4825.3,441656,0.0231
409416,39.2594,68.7556,4498.78,310123,35.3439,68.9544,4794.76,435738,0.0255
409416,39.2594,68.7556,4498.78,377318,35.4586,69.1836,4601.39,424317,0.0295
420393,39.0972,68.3178,4462.03,212869,35.3686,68.7953,5067.99,416748,0.0356
420393,39.0972,68.3178,4462.03,250264,35.1544,68.4764,4962.85,438644,0.0251
420393,39.0972,68.3178,4462.03,310123,35.3439,68.9544,4794.76,421133,0.0329
420393,39.0972,68.3178,4462.03,312197,35.2425,68.6644,4788.99,429720,0.028
437384,38.9989,69.048,4403.81,212869,35.3686,68.7953,5067.99,404290,0.0393
437384,38.9989,69.048,4403.81,250264,35.1544,68.4764,4962.85,430482,0.0295
437384,38.9989,69.048,4403.81,284481,35.0833,68.3094,4867.37,440296,0.0263
437384,38.9989,69.048,4403.81,299351,35.2875,68.7422,4825.3,413576,0.0339
437384,38.9989,69.048,4403.81,310123,35.3439,68.9544,4794.76,406501,0.0354
437384,38.9989,69.048,4403.81,312197,35.2425,68.6644,4788.99,419073,0.0318
437956,38.8211,68.0667,4401.77,62,36.2544,71.8417,7695.1,438381,0.0968
437956,38.8211,68.0667,4401.77,109,36.4328,71.83,7460.3,424625,0.1096
437956,38.8211,68.0667,4401.77,164,36.5483,72.1158,7342.3,436763,0.1028
437956,38.8211,68.0667,4401.77,1192,36.3533,71.7353,6649.76,423950,0.0939
437956,38.8211,68.0667,4401.77,312197,35.2425,68.6644,4788.99,401440,0.041
440356,38.76,67.5839,4393.33,62,36.2544,71.8417,7695.1,467538,0.0791
440356,38.76,67.5839,4393.33,109,36.4328,71.83,7460.3,454787,0.0896
440356,38.76,67.5839,4393.33,143,36.3761,71.8975,7383.07,463382,0.0809
440356,38.76,67.5839,4393.33,610,36.1786,70.9831,6849.26,415130,0.0986
440356,38.76,67.5839,4393.33,3257,36.2147,70.9794,6404.29,412076,0.0951
440356,38.76,67.5839,4393.33,8224,36.2408,70.9672,6189.56,409266,0.0946
440356,38.76,67.5839,4393.33,206942,35.5458,69.6911,5084.62,403219,0.0583
440356,38.76,67.5839,4393.33,250264,35.1544,68.4764,4962.85,408685,0.041
440356,38.76,67.5839,4393.33,250607,35.4711,69.4342,4961.87,400798,0.0552
440356,38.76,67.5839,4393.33,293506,35.2264,68.7808,4841.5,407031,0.0434
440356,38.76,67.5839,4393.33,312197,35.2425,68.6644,4788.99,402715,0.0442
442365,39.1628,69.9131,4386.49,212869,35.3686,68.7953,5067.99,433325,0.0321
442365,39.1628,69.9131,4386.49,250607,35.4711,69.4342,4961.87,412674,0.0361
442365,39.1628,69.9131,4386.49,299351,35.2875,68.7422,4825.3,443196,0.027
443072,39.0131,67.545,4384.02,610,36.1786,70.9831,6849.26,437070,0.076
443072,39.0131,67.545,4384.02,3257,36.2147,70.9794,6404.29,433908,0.0731
443072,39.0131,67.545,4384.02,8224,36.2408,70.9672,6189.56,431044,0.0726
443072,39.0131,67.545,4384.02,27691,36.3289,70.9256,5890.97,421378,0.0769
443072,39.0131,67.545,4384.02,36644,36.1525,70.6697,5803.94,420644,0.0705
443072,39.0131,67.545,4384.02,40955,36.31,70.8978,5766.78,421178,0.0747
443072,39.0131,67.545,4384.02,60605,36.2614,70.4747,5631.58,400162,0.083
443072,39.0131,67.545,4384.02,250607,35.4711,69.4342,4961.87,427856,0.0396
443072,39.0131,67.545,4384.02,269806,35.4344,69.2481,4908.34,425522,0.0387
443072,39.0131,67.545,4384.02,310123,35.3439,68.9544,4794.76,426658,0.035
443072,39.0131,67.545,4384.02,377318,35.4586,69.1836,4601.39,420999,0.038
454594,38.9764,68.3003,4343.35,198884,35.4858,69.61,5108.45,405072,0.0473
454594,38.9764,68.3003,4343.35,212869,35.3686,68.7953,5067.99,403557,0.0409
454594,38.9764,68.3003,4343.35,250264,35.1544,68.4764,4962.85,425273,0.0291
454594,38.9764,68.3003,4343.35,250607,35.4711,69.4342,4961.87,402483,0.0458
454594,38.9764,68.3003,4343.35,269806,35.4344,69.2481,4908.34,402690,0.0436
454594,38.9764,68.3003,4343.35,299351,35.2875,68.7422,4825.3,412051,0.0349
454594,38.9764,68.3003,4343.35,310123,35.3439,68.9544,4794.76,408049,0.0378
454594,38.9764,68.3003,4343.35,312197,35.2425,68.6644,4788.99,416442,0.0324
457180,39.0083,69.4717,4334.15,212869,35.3686,68.7953,5067.99,409123,0.0395
457180,39.0083,69.4717,4334.15,250264,35.1544,68.4764,4962.85,437525,0.0287
457180,39.0083,69.4717,4334.15,299351,35.2875,68.7422,4825.3,418750,0.0338
457180,39.0083,69.4717,4334.15,310123,35.3439,68.9544,4794.76,410029,0.036
457399,39.0825,67.6689,4333.34,206942,35.5458,69.6911,5084.62,431982,0.0392
457399,39.0825,67.6689,4333.34,212869,35.3686,68.7953,5067.99,424827,0.0354
457399,39.0825,67.6689,4333.34,250607,35.4711,69.4342,4961.87,430849,0.0366
457399,39.0825,67.6689,4333.34,279895,35.3014,68.7989,4880.18,432178,0.031
457399,39.0825,67.6689,4333.34,293506,35.2264,68.7808,4841.5,439944,0.0277
457399,39.0825,67.6689,4333.34,299351,35.2875,68.7422,4825.3,432553,0.0302
457399,39.0825,67.6689,4333.34,312197,35.2425,68.6644,4788.99,435996,0.0282
460933,35.4192,69.0883,4320.73,97267,39.1981,68.1953,5457.35,427544,0.035
460933,35.4192,69.0883,4320.73,139596,39.1503,68.3186,5300.24,420425,0.0363
460933,35.4192,69.0883,4320.73,172551,39.3289,70.0447,5189.77,442868,0.0275
460933,35.4192,69.0883,4320.73,191141,39.1897,68.2936,5131.45,425105,0.0332
460933,35.4192,69.0883,4320.73,223446,39.335,69.7539,5037.67,439366,0.0266
460933,35.4192,69.0883,4320.73,224460,39.2111,68.2842,5034.65,427588,0.0316
460933,35.4192,69.0883,4320.73,227216,39.2711,69.5722,5027.1,430440,0.0289
460933,35.4192,69.0883,4320.73,250662,39.3461,70.0108,4961.72,444185,0.0256
460933,35.4192,69.0883,4320.73,283879,39.0744,68.1456,4869.08,414908,0.0368
460933,35.4192,69.0883,4320.73,285451,39.0728,68.5625,4864.64,408916,0.0368
460933,35.4192,69.0883,4320.73,301937,39.2683,69.3567,4818.13,428656,0.0273
460933,35.4192,69.0883,4320.73,318194,39.2231,69.1975,4772.0,423084,0.0283
460933,35.4192,69.0883,4320.73,324184,39.1756,68.98,4754.96,417802,0.0301
460933,35.4192,69.0883,4320.73,367006,39.0933,69.0186,4632.23,408587,0.0327
460933,35.4192,69.0883,4320.73,400830,39.2028,68.8069,4526.67,421451,0.0282
460933,35.4192,69.0883,4320.73,401817,39.0483,69.1169,4523.39,403545,0.0338
460933,35.4192,69.0883,4320.73,403655,38.9569,68.1717,4517.25,401659,0.0402
460933,35.4192,69.0883,4320.73,407356,39.1222,69.5947,4505.53,414183,0.0319
460933,35.4192,69.0883,4320.73,409404,39.095,69.5367,4498.82,410650,0.033
460933,35.4192,69.0883,4320.73,409416,39.2594,68.7556,4498.78,428021,0.026
460933,35.4192,69.0883,4320.73,420393,39.0972,68.3178,4462.03,414615,0.033
460933,35.4192,69.0883,4320.73,454594,38.9764,68.3003,4343.35,401647,0.038
460933,35.4192,69.0883,4320.73,457180,39.0083,69.4717,4334.15,400529,0.0358
461819,38.8494,68.4903,4317.46,62,36.2544,71.8417,7695.1,412914,0.1121
461819,38.8494,68.4903,4317.46,164,36.5483,72.1158,7342.3,408857,0.122
461819,38.8494,68.4903,4317.46,339,36.5367,71.9872,7061.41,400943,0.1227
461819,38.8494,68.4903,4317.46,250264,35.1544,68.4764,4962.85,410866,0.0337
461819,38.8494,68.4903,4317.46,312197,35.2425,68.6644,4788.99,401366,0.0374
470910,39.0792,68.24,4284.65,198884,35.4858,69.61,5108.45,417531,0.0407
470910,39.0792,68.24,4284.65,250607,35.4711,69.4342,4961.87,414871,0.0394
471530,38.8642,67.5406,4282.46,109,36.4328,71.83,7460.3,464353,0.0785
471530,38.8642,67.5406,4282.46,610,36.1786,70.9831,6849.26,425784,0.0863
471530,38.8642,67.5406,4282.46,3257,36.2147,70.9794,6404.29,422693,0.0831
471530,38.8642,67.5406,4282.46,8224,36.2408,70.9672,6189.56,419864,0.0826
471530,38.8642,67.5406,4282.46,27691,36.3289,70.9256,5890.97,410322,0.0873
471530,38.8642,67.5406,4282.46,40955,36.31,70.8978,5766.78,410025,0.085
471530,38.8642,67.5406,4282.46,94788,36.4742,71.2106,5467.62,418225,0.0809
471530,38.8642,67.5406,4282.46,182739,36.7378,71.2672,5157.24,403807,0.0946
471530,38.8642,67.5406,4282.46,206942,35.5458,69.6911,5084.62,415207,0.0498
471530,38.8642,67.5406,4282.46,250264,35.1544,68.4764,4962.85,420788,0.0348
471530,38.8642,67.5406,4282.46,250607,35.4711,69.4342,4961.87,412893,0.047
471530,38.8642,67.5406,4282.46,269806,35.4344,69.2481,4908.34,410281,0.0461
474444,34.1447,69.4055,4271.91,240713,34.7722,73.7294,4989.66,402492,0.1313
474444,34.1447,69.4055,4271.91,258750,34.7244,73.725,4939.07,401319,0.1324
479883,39.0275,67.6278,4252.18,35553,36.1486,70.5358,5813.93,409984,0.0739
479883,39.0275,67.6278,4252.18,36644,36.1525,70.6697,5803.94,417117,0.0703
479883,39.0275,67.6278,4252.18,206942,35.5458,69.6911,5084.62,427987,0.0411
479883,39.0275,67.6278,4252.18,212869,35.3686,68.7953,5067.99,419774,0.0374
479883,39.0275,67.6278,4252.18,269806,35.4344,69.2481,4908.34,424484,0.0375
479883,39.0275,67.6278,4252.18,279895,35.3014,68.7989,4880.18,427109,0.0328
479883,39.0275,67.6278,4252.18,293506,35.2264,68.7808,4841.5,434835,0.0293
479883,39.0275,67.6278,4252.18,299351,35.2875,68.7422,4825.3,427423,0.032
479883,39.0275,67.6278,4252.18,310123,35.3439,68.9544,4794.76,426107,0.0337
481565,35.3269,66.7597,4246.03,411432,39.0881,67.9208,4492.08,430669,0.0284
491983,35.4128,68.7453,4208.19,97267,39.1981,68.1953,5457.35,423704,0.0338
491983,35.4128,68.7453,4208.19,139596,39.1503,68.3186,5300.24,417300,0.0348
491983,35.4128,68.7453,4208.19,172551,39.3289,70.0447,5189.77,450319,0.0258
491983,35.4128,68.7453,4208.19,191141,39.1897,68.2936,5131.45,421866,0.0319
491983,35.4128,68.7453,4208.19,224460,39.2111,68.2842,5034.65,424313,0.0304
491983,35.4128,68.7453,4208.19,227216,39.2711,69.5722,5027.1,435199,0.0281
491983,35.4128,68.7453,4208.19,285451,39.0728,68.5625,4864.64,407294,0.0346
491983,35.4128,68.7453,4208.19,301937,39.2683,69.3567,4818.13,432102,0.0269
491983,35.4128,68.7453,4208.19,324184,39.1756,68.98,4754.96,418918,0.0296
491983,35.4128,68.7453,4208.19,341869,39.1217,69.6481,4704.58,420069,0.0323
491983,35.4128,68.7453,4208.19,367006,39.0933,69.0186,4632.23,409966,0.0325
491983,35.4128,68.7453,4208.19,383612,39.1019,67.7911,4581.69,418803,0.0323
491983,35.4128,68.7453,4208.19,400830,39.2028,68.8069,4526.67,421463,0.0266
491983,35.4128,68.7453,4208.19,401817,39.0483,69.1169,4523.39,405584,0.0341
491983,35.4128,68.7453,4208.19,407356,39.1222,69.5947,4505.53,419252,0.031
491983,35.4128,68.7453,4208.19,409404,39.095,69.5367,4498.82,415384,0.0322
491983,35.4128,68.7453,4208.19,409416,39.2594,68.7556,4498.78,427723,0.0242
491983,35.4128,68.7453,4208.19,442365,39.1628,69.9131,4386.49,429576,0.028
491983,35.4128,68.7453,4208.19,457180,39.0083,69.4717,4334.15,404938,0.0352
491983,35.4128,68.7453,4208.19,457399,39.0825,67.6689,4333.34,419017,0.0313
491983,35.4128,68.7453,4208.19,479883,39.0275,67.6278,4252.18,413926,0.0332
498519,39.1006,68.7411,4183.85,212869,35.3686,68.7953,5067.99,415006,0.032
498519,39.1006,68.7411,4183.85,269806,35.4344,69.2481,4908.34,410121,0.0356
498519,39.1006,68.7411,4183.85,299351,35.2875,68.7422,4825.3,423997,0.027
498519,39.1006,68.7411,4183.85,310123,35.3439,68.9544,4794.76,418152,0.0299
498519,39.1006,68.7411,4183.85,377318,35.4586,69.1836,4601.39,406858,0.0344
498519,39.1006,68.7411,4183.85,460933,35.4192,69.0883,4320.73,410503,0.0306
498519,39.1006,68.7411,4183.85,491983,35.4128,68.7453,4208.19,410064,0.0283
502441,39.0897,69.3322,4169.33,198884,35.4858,69.61,5108.45,401487,0.0393
502441,39.0897,69.3322,4169.33,212869,35.3686,68.7953,5067.99,416486,0.034
502441,39.0897,69.3322,4169.33,269806,35.4344,69.2481,4908.34,406518,0.0344
502441,39.0897,69.3322,4169.33,284481,35.0833,68.3094,4867.37,454625,0.0216
502441,39.0897,69.3322,4169.33,299351,35.2875,68.7422,4825.3,426000,0.029
502441,39.0897,69.3322,4169.33,310123,35.3439,68.9544,4794.76,417853,0.0308
502441,39.0897,69.3322,4169.33,312197,35.2425,68.6644,4788.99,431857,0.0271
502441,39.0897,69.3322,4169.33,377318,35.4586,69.1836,4601.39,403973,0.0338
502441,39.0897,69.3322,4169.33,460933,35.4192,69.0883,4320.73,408710,0.0306
502441,39.0897,69.3322,4169.33,491983,35.4128,68.7453,4208.19,412136,0.0304
503862,39.0583,69.1931,4164.1,269806,35.4344,69.2481,4908.34,402988,0.0357
503862,39.0583,69.1931,4164.1,377318,35.4586,69.1836,4601.39,400269,0.0345
503862,39.0583,69.1931,4164.1,460933,35.4192,69.0883,4320.73,404755,0.0314
520640,34.2081,69.5903,4102.81,442010,34.2297,74.0283,4387.7,408033,0.1171
520640,34.2081,69.5903,4102.81,457247,34.3553,73.9461,4333.91,400505,0.1232
524682,35.6194,68.1819,4087.8,349498,38.9717,70.6683,4682.69,432761,0.037
525190,35.7833,69.47,4086.03,159686,39.5156,70.1397,5231.82,419175,0.034
525190,35.7833,69.47,4086.03,243123,39.3469,70.1369,4982.79,400586,0.0407
534156,35.4706,67.2756,4053.28,325146,38.9722,68.5042,4752.35,404259,0.0411
535302,39.5994,68.8847,4049.02,458022,41.5703,73.6225,4331.04,456081,0.0479
535302,39.5994,68.8847,4049.02,517765,41.4981,72.907,4113.47,400023,0.081
536107,39.0942,68.7975,4046.17,212869,35.3686,68.7953,5067.99,414267,0.0311
536107,39.0942,68.7975,4046.17,250264,35.1544,68.4764,4962.85,439008,0.0234
536107,39.0942,68.7975,4046.17,269806,35.4344,69.2481,4908.34,408898,0.0348
536107,39.0942,68.7975,4046.17,299351,35.2875,68.7422,4825.3,423313,0.0267
536107,39.0942,68.7975,4046.17,310123,35.3439,68.9544,4794.76,417245,0.0291
536107,39.0942,68.7975,4046.17,312197,35.2425,68.6644,4788.99,428451,0.0251
536107,39.0942,68.7975,4046.17,377318,35.4586,69.1836,4601.39,405699,0.0336
536107,39.0942,68.7975,4046.17,460933,35.4192,69.0883,4320.73,409450,0.0298
536107,39.0942,68.7975,4046.17,491983,35.4128,68.7453,4208.19,409378,0.028
537333,35.5794,68.1992,4041.85,349498,38.9717,70.6683,4682.69,435858,0.035
542002,39.5364,68.4483,4024.79,436211,41.4114,72.9122,4407.85,431238,0.0646
542002,39.5364,68.4483,4024.79,488509,41.3825,72.8364,4220.67,424146,0.0673
561177,38.885,69.6911,3954.51,250264,35.1544,68.4764,4962.85,428599,0.0311
561177,38.885,69.6911,3954.51,284481,35.0833,68.3094,4867.37,440166,0.0269
561177,38.885,69.6911,3954.51,299351,35.2875,68.7422,4825.3,408775,0.0369
562918,35.6083,66.5275,3948.07,97267,39.1981,68.1953,5457.35,425461,0.0386
562918,35.6083,66.5275,3948.07,283879,39.0744,68.1456,4869.08,411080,0.0409
562918,35.6083,66.5275,3948.07,325146,38.9722,68.5042,4752.35,412874,0.0423
562918,35.6083,66.5275,3948.07,375937,39.0894,67.9925,4605.61,408150,0.039
562918,35.6083,66.5275,3948.07,387025,39.0339,67.9872,4570.93,402167,0.0418
562918,35.6083,66.5275,3948.07,411432,39.0881,67.9208,4492.08,406048,0.0386
562918,35.6083,66.5275,3948.07,461819,38.8494,68.4903,4317.46,400074,0.0457
571387,38.4428,67.3525,3916.15,62,36.2544,71.8417,7695.1,465404,0.0829
571387,38.4428,67.3525,3916.15,109,36.4328,71.83,7460.3,454045,0.0928
571387,38.4428,67.3525,3916.15,143,36.3761,71.8975,7383.07,462470,0.0837
571387,38.4428,67.3525,3916.15,610,36.1786,70.9831,6849.26,407966,0.1091
571387,38.4428,67.3525,3916.15,3257,36.2147,70.9794,6404.29,405182,0.1051
572565,35.5333,67.6275,3911.55,420215,38.4458,70.5186,4462.68,413247,0.0502
590356,35.3386,68.5242,3843.41,97267,39.1981,68.1953,5457.35,430141,0.0279
590356,35.3386,68.5242,3843.41,139596,39.1503,68.3186,5300.24,424231,0.0285
590356,35.3386,68.5242,3843.41,191141,39.1897,68.2936,5131.45,428708,0.0261
590356,35.3386,68.5242,3843.41,285451,39.0728,68.5625,4864.64,415237,0.0284
590356,35.3386,68.5242,3843.41,306952,39.2742,69.4325,4803.86,444923,0.0219
590356,35.3386,68.5242,3843.41,324184,39.1756,68.98,4754.96,428555,0.025
590356,35.3386,68.5242,3843.41,325146,38.9722,68.5042,4752.35,404041,0.0319
590356,35.3386,68.5242,3843.41,341869,39.1217,69.6481,4704.58,432258,0.0265
590356,35.3386,68.5242,3843.41,367006,39.0933,69.0186,4632.23,419790,0.0275
590356,35.3386,68.5242,3843.41,400830,39.2028,68.8069,4526.67,430406,0.0226
590356,35.3386,68.5242,3843.41,437384,38.9989,69.048,4403.81,409641,0.0301
590356,35.3386,68.5242,3843.41,454594,38.9764,68.3003,4343.35,404990,0.03
590356,35.3386,68.5242,3843.41,457180,39.0083,69.4717,4334.15,416589,0.0292
592438,38.9461,69.76,3835.36,212869,35.3686,68.7953,5067.99,406874,0.0389
592438,38.9461,69.76,3835.36,299351,35.2875,68.7422,4825.3,416698,0.033
592438,38.9461,69.76,3835.36,310123,35.3439,68.9544,4794.76,406855,0.0357
593978,38.7325,68.1311,3829.55,62,36.2544,71.8417,7695.1,427828,0.0987
593978,38.7325,68.1311,3829.55,109,36.4328,71.83,7460.3,414217,0.1119
599994,38.3844,67.5581,3805.9,62,36.2544,71.8417,7695.1,446669,0.0968
599994,38.3844,67.5581,3805.9,109,36.4328,71.83,7460.3,435196,0.108
599994,38.3844,67.5581,3805.9,143,36.3761,71.8975,7383.07,443636,0.098
600467,39.6014,68.5697,3803.87,436211,41.4114,72.9122,4407.85,418609,0.0718
600467,39.6014,68.5697,3803.87,488509,41.3825,72.8364,4220.67,411516,0.0747
600467,39.6014,68.5697,3803.87,517765,41.4981,72.907,4113.47,422737,0.0632
600467,39.6014,68.5697,3803.87,559621,41.4725,72.8475,3960.4,417023,0.0653
610176,35.45,67.9208,3765.48,139596,39.1503,68.3186,5300.24,412954,0.0333
645196,35.6819,66.2617,3625.16,97267,39.1981,68.1953,5457.35,426596,0.0377
645196,35.6819,66.2617,3625.16,139596,39.1503,68.3186,5300.24,426274,0.0377
645196,35.6819,66.2617,3625.16,237830,39.1481,68.1511,4997.58,419966,0.0371
645196,35.6819,66.2617,3625.16,325146,38.9722,68.5042,4752.35,416102,0.0404
645196,35.6819,66.2617,3625.16,367006,39.0933,69.0186,4632.23,450738,0.0273
645196,35.6819,66.2617,3625.16,375937,39.0894,67.9925,4605.61,408567,0.0385
645196,35.6819,66.2617,3625.16,387025,39.0339,67.9872,4570.93,402695,0.0412
645196,35.6819,66.2617,3625.16,461819,38.8494,68.4903,4317.46,403629,0.0437
654161,38.7597,69.5297,3588.29,250264,35.1544,68.4764,4962.85,411660,0.0347
658565,35.7147,66.1825,3570.44,97267,39.1981,68.1953,5457.35,426106,0.0382
658565,35.7147,66.1825,3570.44,237830,39.1481,68.1511,4997.58,419454,0.0376
658565,35.7147,66.1825,3570.44,325146,38.9722,68.5042,4752.35,416283,0.0407
658565,35.7147,66.1825,3570.44,387025,39.0339,67.9872,4570.93,402032,0.0419
658565,35.7147,66.1825,3570.44,461819,38.8494,68.4903,4317.46,403924,0.0439
659962,38.7647,68.2803,3564.84,62,36.2544,71.8417,7695.1,420167,0.0987
659962,38.7647,68.2803,3564.84,109,36.4328,71.83,7460.3,406182,0.1124
672669,32.6036,69.7039,3512.92,442010,34.2297,74.0283,4387.7,440154,0.0588
679091,35.8717,67.785,3485.67,227216,39.2711,69.5722,5027.1,409474,0.0407
679091,35.8717,67.785,3485.67,288989,39.2514,69.5617,4854.46,407104,0.0405
679091,35.8717,67.785,3485.67,306952,39.2742,69.4325,4803.86,405222,0.0399
679091,35.8717,67.785,3485.67,332009,39.2839,69.5142,4733.04,408852,0.0382
684792,38.6742,67.9675,3461.85,62,36.2544,71.8417,7695.1,435031,0.0903
684792,38.6742,67.9675,3461.85,109,36.4328,71.83,7460.3,421894,0.1025
685975,38.7844,69.0064,3456.94,250264,35.1544,68.4764,4962.85,406371,0.0326
685975,38.7844,69.0064,3456.94,284481,35.0833,68.3094,4867.37,416175,0.0291
687459,35.4525,64.7733,3450.62,571387,38.4428,67.3525,3916.15,403804,0.0428
687459,35.4525,64.7733,3450.62,599994,38.3844,67.5581,3805.9,409307,0.0411
692959,38.7044,69.4853,3427.86,250264,35.1544,68.4764,4962.85,404791,0.0363
702130,38.8117,68.6564,3389.67,250264,35.1544,68.4764,4962.85,406986,0.03
702130,38.8117,68.6564,3389.67,562918,35.6083,66.5275,3948.07,402985,0.0389
702130,38.8117,68.6564,3389.67,645196,35.6819,66.2617,3625.16,407447,0.0367
718924,38.6322,67.6511,3322.98,610,36.1786,70.9831,6849.26,401258,0.0971
734773,38.7636,69.9772,3261.78,250264,35.1544,68.4764,4962.85,422879,0.0307
739766,38.2886,67.1325,3243.19,610,36.1786,70.9831,6849.26,413769,0.1002
739766,38.2886,67.1325,3243.19,3257,36.2147,70.9794,6404.29,411169,0.0963
759769,35.7422,65.8392,3170.34,283879,39.0744,68.1456,4869.08,422791,0.0349
762620,38.9319,69.3397,3160.49,310123,35.3439,68.9544,4794.76,400425,0.0311
775285,35.4825,68.4764,3116.65,367006,39.0933,69.0186,4632.23,404354,0.029
775285,35.4825,68.4764,3116.65,401817,39.0483,69.1169,4523.39,400525,0.0304
797957,35.9072,65.8006,3043.5,285451,39.0728,68.5625,4864.64,428060,0.0355
797957,35.9072,65.8006,3043.5,325146,38.9722,68.5042,4752.35,416037,0.0406
797957,35.9072,65.8006,3043.5,367006,39.0933,69.0186,4632.23,453911,0.0258
797957,35.9072,65.8006,3043.5,461819,38.8494,68.4903,4317.46,404323,0.0438
797957,35.9072,65.8006,3043.5,702130,38.8117,68.6564,3389.67,409843,0.0348
300,30.3133,79.7775,7112.27,10,28.6981,83.4894,8135.91,401576,0.2271
37355,36.6725,78.0164,5797.67,29198,41.0594,77.6839,5875.08,488648,0.0221
37355,36.6725,78.0164,5797.67,30272,41.0036,77.6167,5864.22,482837,0.024
43663,36.7328,77.91,5744.99,29198,41.0594,77.6839,5875.08,481492,0.0236
43663,36.7328,77.91,5744.99,30272,41.0036,77.6167,5864.22,475568,0.0256
43663,36.7328,77.91,5744.99,43154,41.0281,77.3353,5749.17,480195,0.0245
49544,36.7169,77.9333,5701.35,29198,41.0594,77.6839,5875.08,483345,0.0229
49544,36.7169,77.9333,5701.35,30272,41.0036,77.6167,5864.22,477445,0.0249
49544,36.7169,77.9333,5701.35,43154,41.0281,77.3353,5749.17,482166,0.0238
49544,36.7169,77.9333,5701.35,47534,41.0808,77.6895,5715.79,485701,0.0214
58930,36.7883,77.3211,5641.23,29198,41.0594,77.6839,5875.08,475958,0.0252
58930,36.7883,77.3211,5641.23,30272,41.0036,77.6167,5864.22,469416,0.0271
58930,36.7883,77.3211,5641.23,43154,41.0281,77.3353,5749.17,471445,0.0248
58930,36.7883,77.3211,5641.23,47534,41.0808,77.6895,5715.79,478364,0.0237
58930,36.7883,77.3211,5641.23,56919,40.9639,77.472,5653.71,464488,0.027
58930,36.7883,77.3211,5641.23,57783,40.9544,77.4878,5648.5,463473,0.0274
58930,36.7883,77.3211,5641.23,58147,41.0797,77.7667,5646.08,478733,0.0234
62845,36.74,77.1603,5618.74,29198,41.0594,77.6839,5875.08,482424,0.0236
62845,36.74,77.1603,5618.74,30272,41.0036,77.6167,5864.22,475731,0.0255
62845,36.74,77.1603,5618.74,43154,41.0281,77.3353,5749.17,477054,0.0235
62845,36.74,77.1603,5618.74,47534,41.0808,77.6895,5715.79,484838,0.0221
62845,36.74,77.1603,5618.74,56919,40.9639,77.472,5653.71,470449,0.0255
62845,36.74,77.1603,5618.74,57783,40.9544,77.4878,5648.5,469476,0.0258
84040,36.865,77.7075,5513.46,29198,41.0594,77.6839,5875.08,466400,0.0264
84040,36.865,77.7075,5513.46,30272,41.0036,77.6167,5864.22,460258,0.0287
84040,36.865,77.7075,5513.46,43154,41.0281,77.3353,5749.17,464031,0.0278
84040,36.865,77.7075,5513.46,47534,41.0808,77.6895,5715.79,468777,0.0248
84040,36.865,77.7075,5513.46,56919,40.9639,77.472,5653.71,456231,0.0295
84040,36.865,77.7075,5513.46,57783,40.9544,77.4878,5648.5,455116,0.0298
84040,36.865,77.7075,5513.46,58147,41.0797,77.7667,5646.08,468680,0.0246
84040,36.865,77.7075,5513.46,60965,41.0175,77.4756,5629.57,462171,0.0272
84040,36.865,77.7075,5513.46,80609,40.965,77.4322,5529.04,456519,0.0288
106789,36.3664,71.1075,5419.02,97267,39.1981,68.1953,5457.35,405710,0.0852
116421,37.2483,76.4483,5382.5,29198,41.0594,77.6839,5875.08,436947,0.0441
116421,37.2483,76.4483,5382.5,30272,41.0036,77.6167,5864.22,429548,0.0475
116421,37.2483,76.4483,5382.5,43154,41.0281,77.3353,5749.17,427192,0.0455
116421,37.2483,76.4483,5382.5,47534,41.0808,77.6895,5715.79,439369,0.0416
116421,37.2483,76.4483,5382.5,56919,40.9639,77.472,5653.71,422482,0.0483
116421,37.2483,76.4483,5382.5,57783,40.9544,77.4878,5648.5,421738,0.0488
116421,37.2483,76.4483,5382.5,58147,41.0797,77.7667,5646.08,440917,0.0409
116421,37.2483,76.4483,5382.5,60965,41.0175,77.4756,5629.57,428369,0.045
116421,37.2483,76.4483,5382.5,80609,40.965,77.4322,5529.04,421898,0.0472
116421,37.2483,76.4483,5382.5,91686,40.9986,77.562,5480.7,427925,0.0446
116421,37.2483,76.4483,5382.5,108683,41.0517,77.7314,5411.79,437136,0.0406
116421,37.2483,76.4483,5382.5,108771,41.0222,77.4264,5411.5,428024,0.043
120303,36.9447,77.7306,5368.39,29198,41.0594,77.6839,5875.08,457551,0.0287
120303,36.9447,77.7306,5368.39,30272,41.0036,77.6167,5864.22,451436,0.0311
120303,36.9447,77.7306,5368.39,43154,41.0281,77.3353,5749.17,455335,0.0302
120303,36.9447,77.7306,5368.39,47534,41.0808,77.6895,5715.79,459926,0.0269
120303,36.9447,77.7306,5368.39,56919,40.9639,77.472,5653.71,447472,0.0319
120303,36.9447,77.7306,5368.39,57783,40.9544,77.4878,5648.5,446351,0.0322
120303,36.9447,77.7306,5368.39,58147,41.0797,77.7667,5646.08,459801,0.0265
120303,36.9447,77.7306,5368.39,60965,41.0175,77.4756,5629.57,453409,0.0295
120303,36.9447,77.7306,5368.39,80609,40.965,77.4322,5529.04,447779,0.0312
120303,36.9447,77.7306,5368.39,91686,40.9986,77.562,5480.7,451008,0.0291
120303,36.9447,77.7306,5368.39,108683,41.0517,77.7314,5411.79,456677,0.0261
135217,36.8592,77.63,5315.61,29198,41.0594,77.6839,5875.08,467063,0.0252
135217,36.8592,77.63,5315.61,30272,41.0036,77.6167,5864.22,460837,0.027
135217,36.8592,77.63,5315.61,43154,41.0281,77.3353,5749.17,464259,0.0263
135217,36.8592,77.63,5315.61,47534,41.0808,77.6895,5715.79,469448,0.0236
135217,36.8592,77.63,5315.61,56919,40.9639,77.472,5653.71,456626,0.0278
135217,36.8592,77.63,5315.61,57783,40.9544,77.4878,5648.5,455531,0.0281
135217,36.8592,77.63,5315.61,58147,41.0797,77.7667,5646.08,469446,0.0235
135217,36.8592,77.63,5315.61,60965,41.0175,77.4756,5629.57,462574,0.0257
135217,36.8592,77.63,5315.61,80609,40.965,77.4322,5529.04,456864,0.0272
135217,36.8592,77.63,5315.61,91686,40.9986,77.562,5480.7,460317,0.0253
135217,36.8592,77.63,5315.61,108683,41.0517,77.7314,5411.79,466266,0.0232
135217,36.8592,77.63,5315.61,128026,41.0622,77.7792,5340.87,467529,0.0226
140191,37.0103,77.2261,5298.15,29198,41.0594,77.6839,5875.08,451969,0.0321
140191,37.0103,77.2261,5298.15,30272,41.0036,77.6167,5864.22,445313,0.0343
140191,37.0103,77.2261,5298.15,43154,41.0281,77.3353,5749.17,446858,0.0316
140191,37.0103,77.2261,5298.15,47534,41.0808,77.6895,5715.79,454382,0.0302
140191,37.0103,77.2261,5298.15,56919,40.9639,77.472,5653.71,440132,0.0343
140191,37.0103,77.2261,5298.15,57783,40.9544,77.4878,5648.5,439145,0.0347
140191,37.0103,77.2261,5298.15,58147,41.0797,77.7667,5646.08,454895,0.0299
140191,37.0103,77.2261,5298.15,80609,40.965,77.4322,5529.04,440102,0.0333
140191,37.0103,77.2261,5298.15,91686,40.9986,77.562,5480.7,444426,0.0319
140191,37.0103,77.2261,5298.15,108683,41.0517,77.7314,5411.79,451494,0.0295
140191,37.0103,77.2261,5298.15,108771,41.0222,77.4264,5411.5,446437,0.03
140191,37.0103,77.2261,5298.15,128026,41.0622,77.7792,5340.87,453072,0.0287
144808,36.855,76.9042,5281.9,29198,41.0594,77.6839,5875.08,472337,0.026
144808,36.855,76.9042,5281.9,30272,41.0036,77.6167,5864.22,465396,0.0281
144808,36.855,76.9042,5281.9,43154,41.0281,77.3353,5749.17,465520,0.0262
144808,36.855,76.9042,5281.9,47534,41.0808,77.6895,5715.79,474760,0.0243
144808,36.855,76.9042,5281.9,56919,40.9639,77.472,5653.71,459519,0.0283
144808,36.855,76.9042,5281.9,57783,40.9544,77.4878,5648.5,458617,0.0286
144808,36.855,76.9042,5281.9,58147,41.0797,77.7667,5646.08,475638,0.024
144808,36.855,76.9042,5281.9,60965,41.0175,77.4756,5629.57,465476,0.0261
144808,36.855,76.9042,5281.9,80609,40.965,77.4322,5529.04,459285,0.0274
144808,36.855,76.9042,5281.9,91686,40.9986,77.562,5480.7,464242,0.026
144808,36.855,76.9042,5281.9,108683,41.0517,77.7314,5411.79,472094,0.0237
144808,36.855,76.9042,5281.9,108771,41.0222,77.4264,5411.5,465564,0.0247
144808,36.855,76.9042,5281.9,128026,41.0622,77.7792,5340.87,473889,0.0229
158489,37.8806,75.6392,5235.69,156942,41.0589,77.998,5240.57,407260,0.0673
161347,37.0964,76.5061,5226.29,29198,41.0594,77.6839,5875.08,452227,0.0353
161347,37.0964,76.5061,5226.29,30272,41.0036,77.6167,5864.22,444907,0.0381
161347,37.0964,76.5061,5226.29,47534,41.0808,77.6895,5715.79,454651,0.0332
161347,37.0964,76.5061,5226.29,56919,40.9639,77.472,5653.71,438055,0.0387
161347,37.0964,76.5061,5226.29,57783,40.9544,77.4878,5648.5,437282,0.0391
161347,37.0964,76.5061,5226.29,58147,41.0797,77.7667,5646.08,456073,0.0325
161347,37.0964,76.5061,5226.29,91686,40.9986,77.562,5480.7,443371,0.0356
161347,37.0964,76.5061,5226.29,108683,41.0517,77.7314,5411.79,452334,0.0323
161347,37.0964,76.5061,5226.29,128026,41.0622,77.7792,5340.87,454446,0.0312
161347,37.0964,76.5061,5226.29,156942,41.0589,77.998,5240.57,459022,0.0299
161347,37.0964,76.5061,5226.29,158583,41.0803,77.8947,5235.45,458895,0.0294
174762,36.6933,78.6328,5182.53,30272,41.0036,77.6167,5864.22,487282,0.0216
174762,36.6933,78.6328,5182.53,56919,40.9639,77.472,5653.71,485383,0.0216
174762,36.6933,78.6328,5182.53,57783,40.9544,77.4878,5648.5,484069,0.0219
174762,36.6933,78.6328,5182.53,80609,40.965,77.4322,5529.04,486227,0.0208
212001,37.9581,75.9753,5070.34,95457,36.5219,80.3145,5464.83,415937,0.1235
222924,36.9617,77.5408,5039.05,29198,41.0594,77.6839,5875.08,455810,0.0277
222924,36.9617,77.5408,5039.05,30272,41.0036,77.6167,5864.22,449486,0.0296
222924,36.9617,77.5408,5039.05,43154,41.0281,77.3353,5749.17,452511,0.0283
222924,36.9617,77.5408,5039.05,47534,41.0808,77.6895,5715.79,458202,0.026
222924,36.9617,77.5408,5039.05,56919,40.9639,77.472,5653.71,445063,0.0299
222924,36.9617,77.5408,5039.05,57783,40.9544,77.4878,5648.5,443991,0.0302
222924,36.9617,77.5408,5039.05,60965,41.0175,77.4756,5629.57,451019,0.0276
222924,36.9617,77.5408,5039.05,80609,40.965,77.4322,5529.04,445245,0.0292
222924,36.9617,77.5408,5039.05,91686,40.9986,77.562,5480.7,448886,0.0273
222924,36.9617,77.5408,5039.05,108683,41.0517,77.7314,5411.79,455084,0.0255
222924,36.9617,77.5408,5039.05,128026,41.0622,77.7792,5340.87,456419,0.0249
222924,36.9617,77.5408,5039.05,156942,41.0589,77.998,5240.57,457294,0.0248
222924,36.9617,77.5408,5039.05,158583,41.0803,77.8947,5235.45,458985,0.0239
223226,36.9122,78.1336,5038.32,29198,41.0594,77.6839,5875.08,462780,0.0265
223226,36.9122,78.1336,5038.32,30272,41.0036,77.6167,5864.22,457130,0.0287
223226,36.9122,78.1336,5038.32,43154,41.0281,77.3353,5749.17,462834,0.0272
223226,36.9122,78.1336,5038.32,47534,41.0808,77.6895,5715.79,465110,0.0248
223226,36.9122,78.1336,5038.32,56919,40.9639,77.472,5653.71,454143,0.0291
223226,36.9122,78.1336,5038.32,57783,40.9544,77.4878,5648.5,452925,0.0295
223226,36.9122,78.1336,5038.32,58147,41.0797,77.7667,5646.08,464486,0.0244
223226,36.9122,78.1336,5038.32,80609,40.965,77.4322,5529.04,454710,0.0284
223226,36.9122,78.1336,5038.32,91686,40.9986,77.562,5480.7,457063,0.0267
223226,36.9122,78.1336,5038.32,108683,41.0517,77.7314,5411.79,461600,0.0242
223226,36.9122,78.1336,5038.32,128026,41.0622,77.7792,5340.87,462472,0.0234
223226,36.9122,78.1336,5038.32,156942,41.0589,77.998,5240.57,461240,0.0225
223226,36.9122,78.1336,5038.32,158583,41.0803,77.8947,5235.45,463930,0.022
223226,36.9122,78.1336,5038.32,171389,40.9953,77.5114,5193.49,457192,0.0252
231513,36.7147,78.8061,5015.1,30272,41.0036,77.6167,5864.22,487881,0.0211
231513,36.7147,78.8061,5015.1,56919,40.9639,77.472,5653.71,486393,0.021
231513,36.7147,78.8061,5015.1,57783,40.9544,77.4878,5648.5,485046,0.0214
231513,36.7147,78.8061,5015.1,80609,40.965,77.4322,5529.04,487341,0.0203
243123,39.3469,70.1369,4982.79,212869,35.3686,68.7953,5067.99,457966,0.0275
248054,37.4139,76.3656,4969.23,30272,41.0036,77.6167,5864.22,413441,0.0536
248054,37.4139,76.3656,4969.23,156942,41.0589,77.998,5240.57,428972,0.0426
250662,39.3461,70.0108,4961.72,250607,35.4711,69.4342,4961.87,433876,0.0318
292336,38.2158,76.0558,4845.05,95457,36.5219,80.3145,5464.83,420787,0.1083
297792,38.3375,75.9008,4829.59,95457,36.5219,80.3145,5464.83,438843,0.0902
298264,38.3669,76.1178,4828.34,95457,36.5219,80.3145,5464.83,423437,0.1014
300113,36.9525,77.8961,4823.21,29198,41.0594,77.6839,5875.08,457033,0.0263
300113,36.9525,77.8961,4823.21,30272,41.0036,77.6167,5864.22,451107,0.0285
300113,36.9525,77.8961,4823.21,43154,41.0281,77.3353,5749.17,455767,0.0274
300113,36.9525,77.8961,4823.21,47534,41.0808,77.6895,5715.79,459392,0.0246
300113,36.9525,77.8961,4823.21,57783,40.9544,77.4878,5648.5,446387,0.0295
300113,36.9525,77.8961,4823.21,58147,41.0797,77.7667,5646.08,459059,0.0241
300113,36.9525,77.8961,4823.21,60965,41.0175,77.4756,5629.57,453464,0.0269
300113,36.9525,77.8961,4823.21,80609,40.965,77.4322,5529.04,447966,0.0284
300113,36.9525,77.8961,4823.21,91686,40.9986,77.562,5480.7,450830,0.0266
300113,36.9525,77.8961,4823.21,108683,41.0517,77.7314,5411.79,456031,0.0239
300113,36.9525,77.8961,4823.21,128026,41.0622,77.7792,5340.87,457089,0.0231
300113,36.9525,77.8961,4823.21,156942,41.0589,77.998,5240.57,456695,0.0226
300113,36.9525,77.8961,4823.21,158583,41.0803,77.8947,5235.45,458990,0.0216
300113,36.9525,77.8961,4823.21,171389,40.9953,77.5114,5193.49,450765,0.0252
309797,36.9925,77.3581,4795.74,29198,41.0594,77.6839,5875.08,453092,0.0279
309797,36.9925,77.3581,4795.74,30272,41.0036,77.6167,5864.22,446572,0.0299
309797,36.9925,77.3581,4795.74,43154,41.0281,77.3353,5749.17,448742,0.0275
309797,36.9925,77.3581,4795.74,47534,41.0808,77.6895,5715.79,455497,0.0262
309797,36.9925,77.3581,4795.74,56919,40.9639,77.472,5653.71,441708,0.0298
309797,36.9925,77.3581,4795.74,57783,40.9544,77.4878,5648.5,440685,0.0302
309797,36.9925,77.3581,4795.74,58147,41.0797,77.7667,5646.08,455842,0.026
309797,36.9925,77.3581,4795.74,80609,40.965,77.4322,5529.04,441768,0.0288
309797,36.9925,77.3581,4795.74,91686,40.9986,77.562,5480.7,445805,0.0277
309797,36.9925,77.3581,4795.74,108683,41.0517,77.7314,5411.79,452511,0.0257
309797,36.9925,77.3581,4795.74,156942,41.0589,77.998,5240.57,455524,0.0248
309797,36.9925,77.3581,4795.74,158583,41.0803,77.8947,5235.45,456896,0.0239
332077,33.7503,74.4667,4732.84,324290,34.0386,69.9019,4754.71,422509,0.1168
352182,36.99,78.0194,4675.19,29198,41.0594,77.6839,5875.08,453422,0.0271
352182,36.99,78.0194,4675.19,30272,41.0036,77.6167,5864.22,447644,0.0294
352182,36.99,78.0194,4675.19,43154,41.0281,77.3353,5749.17,452885,0.028
352182,36.99,78.0194,4675.19,47534,41.0808,77.6895,5715.79,455766,0.0254
352182,36.99,78.0194,4675.19,56919,40.9639,77.472,5653.71,444400,0.03
352182,36.99,78.0194,4675.19,57783,40.9544,77.4878,5648.5,443207,0.0303
352182,36.99,78.0194,4675.19,58147,41.0797,77.7667,5646.08,455276,0.0249
352182,36.99,78.0194,4675.19,80609,40.965,77.4322,5529.04,444901,0.0292
352182,36.99,78.0194,4675.19,91686,40.9986,77.562,5480.7,447483,0.0274
352182,36.99,78.0194,4675.19,108683,41.0517,77.7314,5411.79,452324,0.0247
352182,36.99,78.0194,4675.19,128026,41.0622,77.7792,5340.87,453282,0.0239
352182,36.99,78.0194,4675.19,156942,41.0589,77.998,5240.57,452444,0.0229
352182,36.99,78.0194,4675.19,158583,41.0803,77.8947,5235.45,454947,0.0225
382893,33.9058,74.43,4583.85,324290,34.0386,69.9019,4754.71,417785,0.1207
384425,36.9378,77.6536,4579.17,29198,41.0594,77.6839,5875.08,458308,0.0239
384425,36.9378,77.6536,4579.17,30272,41.0036,77.6167,5864.22,452107,0.0258
384425,36.9378,77.6536,4579.17,43154,41.0281,77.3353,5749.17,455650,0.0251
384425,36.9378,77.6536,4579.17,47534,41.0808,77.6895,5715.79,460690,0.0224
384425,36.9378,77.6536,4579.17,56919,40.9639,77.472,5653.71,447956,0.0265
384425,36.9378,77.6536,4579.17,57783,40.9544,77.4878,5648.5,446855,0.0268
384425,36.9378,77.6536,4579.17,58147,41.0797,77.7667,5646.08,460661,0.0223
384425,36.9378,77.6536,4579.17,60965,41.0175,77.4756,5629.57,453902,0.0245
384425,36.9378,77.6536,4579.17,80609,40.965,77.4322,5529.04,448212,0.0259
384425,36.9378,77.6536,4579.17,91686,40.9986,77.562,5480.7,451609,0.0241
384425,36.9378,77.6536,4579.17,108683,41.0517,77.7314,5411.79,457493,0.0219
384425,36.9378,77.6536,4579.17,128026,41.0622,77.7792,5340.87,458740,0.0214
384425,36.9378,77.6536,4579.17,156942,41.0589,77.998,5240.57,459209,0.0215
384425,36.9378,77.6536,4579.17,158583,41.0803,77.8947,5235.45,461094,0.0206
384425,36.9378,77.6536,4579.17,281498,40.7906,76.6681,4875.68,436816,0.0295
393280,33.9692,70.3758,4551.12,13,35.2386,74.5894,8104.31,410621,0.1781
396918,37.9389,76.0783,4539.68,95457,36.5219,80.3145,5464.83,406749,0.1249
399626,37.6372,76.3617,4530.95,58147,41.0797,77.7667,5646.08,401378,0.0563
399626,37.6372,76.3617,4530.95,156942,41.0589,77.998,5240.57,405635,0.0521
399626,37.6372,76.3617,4530.95,158583,41.0803,77.8947,5235.45,404886,0.0515
401060,37.5853,76.3453,4525.98,156942,41.0589,77.998,5240.57,411555,0.0487
432477,36.8761,78.3603,4420.68,29198,41.0594,77.6839,5875.08,468818,0.0221
432477,36.8761,78.3603,4420.68,30272,41.0036,77.6167,5864.22,463435,0.0239
432477,36.8761,78.3603,4420.68,43154,41.0281,77.3353,5749.17,470101,0.0223
432477,36.8761,78.3603,4420.68,47534,41.0808,77.6895,5715.79,471118,0.0206
432477,36.8761,78.3603,4420.68,57783,40.9544,77.4878,5648.5,459718,0.0244
432477,36.8761,78.3603,4420.68,58147,41.0797,77.7667,5646.08,470223,0.0203
432477,36.8761,78.3603,4420.68,80609,40.965,77.4322,5529.04,461690,0.0234
432477,36.8761,78.3603,4420.68,91686,40.9986,77.562,5480.7,463565,0.0221
432477,36.8761,78.3603,4420.68,108683,41.0517,77.7314,5411.79,467474,0.0201
432477,36.8761,78.3603,4420.68,171389,40.9953,77.5114,5193.49,463874,0.0208
432477,36.8761,78.3603,4420.68,391205,40.5711,77.1072,4557.75,424988,0.0326
432477,36.8761,78.3603,4420.68,392920,40.4736,76.2964,4552.18,438278,0.0321
452152,39.885,75.2064,4352.07,7798,36.6761,78.3578,6201.24,450463,0.0512
452152,39.885,75.2064,4352.07,10034,36.6675,78.3917,6145.69,453039,0.0494
452152,39.885,75.2064,4352.07,223226,36.9122,78.1336,5038.32,417483,0.0592
452152,39.885,75.2064,4352.07,300113,36.9525,77.8961,4823.21,401494,0.0651
476177,36.9158,78.3481,4265.67,29198,41.0594,77.6839,5875.08,464304,0.0226
476177,36.9158,78.3481,4265.67,30272,41.0036,77.6167,5864.22,458915,0.0244
476177,36.9158,78.3481,4265.67,43154,41.0281,77.3353,5749.17,465563,0.0228
476177,36.9158,78.3481,4265.67,47534,41.0808,77.6895,5715.79,466606,0.0211
476177,36.9158,78.3481,4265.67,56919,40.9639,77.472,5653.71,456453,0.0247
476177,36.9158,78.3481,4265.67,57783,40.9544,77.4878,5648.5,455187,0.025
476177,36.9158,78.3481,4265.67,58147,41.0797,77.7667,5646.08,465718,0.0208
476177,36.9158,78.3481,4265.67,80609,40.965,77.4322,5529.04,457156,0.024
476177,36.9158,78.3481,4265.67,91686,40.9986,77.562,5480.7,459040,0.0226
476177,36.9158,78.3481,4265.67,108683,41.0517,77.7314,5411.79,462965,0.0206
476177,36.9158,78.3481,4265.67,171389,40.9953,77.5114,5193.49,459345,0.0213
476177,36.9158,78.3481,4265.67,391205,40.5711,77.1072,4557.75,420443,0.0335
476177,36.9158,78.3481,4265.67,392920,40.4736,76.2964,4552.18,433797,0.0329
476177,36.9158,78.3481,4265.67,434400,40.5358,76.933,4414.11,420810,0.0334
477524,38.2386,70.3725,4260.85,321205,35.0256,68.1914,4763.3,406806,0.0524
482648,37.1406,76.8453,4242.05,29198,41.0594,77.6839,5875.08,441711,0.031
482648,37.1406,76.8453,4242.05,30272,41.0036,77.6167,5864.22,434671,0.0334
482648,37.1406,76.8453,4242.05,43154,41.0281,77.3353,5749.17,434331,0.0313
482648,37.1406,76.8453,4242.05,47534,41.0808,77.6895,5715.79,444136,0.0291
482648,37.1406,76.8453,4242.05,56919,40.9639,77.472,5653.71,428558,0.0337
482648,37.1406,76.8453,4242.05,57783,40.9544,77.4878,5648.5,427685,0.0341
482648,37.1406,76.8453,4242.05,58147,41.0797,77.7667,5646.08,445155,0.0287
482648,37.1406,76.8453,4242.05,60965,41.0175,77.4756,5629.57,434507,0.0312
482648,37.1406,76.8453,4242.05,80609,40.965,77.4322,5529.04,428259,0.0328
482648,37.1406,76.8453,4242.05,91686,40.9986,77.562,5480.7,433423,0.0311
482648,37.1406,76.8453,4242.05,108683,41.0517,77.7314,5411.79,441558,0.0284
482648,37.1406,76.8453,4242.05,108771,41.0222,77.4264,5411.5,434515,0.0296
482648,37.1406,76.8453,4242.05,128026,41.0622,77.7792,5340.87,443437,0.0275
482648,37.1406,76.8453,4242.05,369306,40.7392,76.9133,4625.42,400189,0.0356
493014,38.2164,70.4253,4204.36,321205,35.0256,68.1914,4763.3,406940,0.0525
497727,37.1131,76.912,4186.77,29198,41.0594,77.6839,5875.08,443831,0.0295
497727,37.1131,76.912,4186.77,30272,41.0036,77.6167,5864.22,436856,0.0318
497727,37.1131,76.912,4186.77,43154,41.0281,77.3353,5749.17,436857,0.0297
497727,37.1131,76.912,4186.77,47534,41.0808,77.6895,5715.79,446254,0.0277
497727,37.1131,76.912,4186.77,56919,40.9639,77.472,5653.71,430909,0.032
497727,37.1131,76.912,4186.77,57783,40.9544,77.4878,5648.5,430015,0.0324
497727,37.1131,76.912,4186.77,58147,41.0797,77.7667,5646.08,447182,0.0273
497727,37.1131,76.912,4186.77,60965,41.0175,77.4756,5629.57,436864,0.0296
497727,37.1131,76.912,4186.77,80609,40.965,77.4322,5529.04,430658,0.0311
497727,37.1131,76.912,4186.77,91686,40.9986,77.562,5480.7,435673,0.0296
497727,37.1131,76.912,4186.77,108683,41.0517,77.7314,5411.79,443619,0.027
497727,37.1131,76.912,4186.77,108771,41.0222,77.4264,5411.5,436931,0.028
497727,37.1131,76.912,4186.77,128026,41.0622,77.7792,5340.87,445445,0.0262
613184,36.9717,78.7425,3753.93,30272,41.0036,77.6167,5864.22,458751,0.0232
629843,38.8861,70.2903,3687.84,212869,35.3686,68.7953,5067.99,412955,0.039
629843,38.8861,70.2903,3687.84,310123,35.3439,68.9544,4794.76,411285,0.0365
629843,38.8861,70.2903,3687.84,491983,35.4128,68.7453,4208.19,409749,0.0345
651948,38.3828,70.3117,3597.58,284481,35.0833,68.3094,4867.37,407947,0.0444
671123,37.3069,76.7278,3518.7,29198,41.0594,77.6839,5875.08,425309,0.0333
671123,37.3069,76.7278,3518.7,30272,41.0036,77.6167,5864.22,418131,0.036
671123,37.3069,76.7278,3518.7,43154,41.0281,77.3353,5749.17,417076,0.0339
671123,37.3069,76.7278,3518.7,47534,41.0808,77.6895,5715.79,427735,0.0313
671123,37.3069,76.7278,3518.7,56919,40.9639,77.472,5653.71,411669,0.0365
671123,37.3069,76.7278,3518.7,57783,40.9544,77.4878,5648.5,410841,0.0369
671123,37.3069,76.7278,3518.7,58147,41.0797,77.7667,5646.08,428952,0.0308
671123,37.3069,76.7278,3518.7,80609,40.965,77.4322,5529.04,411269,0.0355
671123,37.3069,76.7278,3518.7,91686,40.9986,77.562,5480.7,416746,0.0336
671123,37.3069,76.7278,3518.7,108683,41.0517,77.7314,5411.79,425283,0.0306
673836,38.6978,70.1533,3507.9,321205,35.0256,68.1914,4763.3,444036,0.0256
687771,37.1731,77.015,3449.3,29198,41.0594,77.6839,5875.08,435968,0.0273
687771,37.1731,77.015,3449.3,30272,41.0036,77.6167,5864.22,429082,0.0294
687771,37.1731,77.015,3449.3,43154,41.0281,77.3353,5749.17,429545,0.0273
687771,37.1731,77.015,3449.3,47534,41.0808,77.6895,5715.79,438389,0.0256
687771,37.1731,77.015,3449.3,56919,40.9639,77.472,5653.71,423357,0.0296
687771,37.1731,77.015,3449.3,57783,40.9544,77.4878,5648.5,422435,0.03
687771,37.1731,77.015,3449.3,80609,40.965,77.4322,5529.04,423173,0.0287
687771,37.1731,77.015,3449.3,91686,40.9986,77.562,5480.7,427985,0.0273
687771,37.1731,77.015,3449.3,108683,41.0517,77.7314,5411.79,435681,0.025
698773,38.7492,70.1058,3403.74,250264,35.1544,68.4764,4962.85,425115,0.0316
698773,38.7492,70.1058,3403.74,299351,35.2875,68.7422,4825.3,403497,0.0385
743042,39.9139,75.5767,3231.13,2824,36.6892,77.7342,6436.98,404954,0.0592
743042,39.9139,75.5767,3231.13,7798,36.6761,78.3578,6201.24,434137,0.0459
743042,39.9139,75.5767,3231.13,10034,36.6675,78.3917,6145.69,436594,0.0444
743042,39.9139,75.5767,3231.13,43663,36.7328,77.91,5744.99,408065,0.0526
743042,39.9139,75.5767,3231.13,223226,36.9122,78.1336,5038.32,401245,0.0536
772947,39.6542,75.532,3124.78,7798,36.6761,78.3578,6201.24,413095,0.0605
862071,39.9644,76.35,2867.82,7798,36.6761,78.3578,6201.24,405399,0.0507
862071,39.9644,76.35,2867.82,10034,36.6675,78.3917,6145.69,407549,0.0493
960668,39.9528,76.1328,2666.95,7798,36.6761,78.3578,6201.24,412800,0.0468
960668,39.9528,76.1328,2666.95,10034,36.6675,78.3917,6145.69,415045,0.0454
960668,39.9528,76.1328,2666.95,15546,36.6497,78.0708,6044.48,404321,0.0472
960668,39.9528,76.1328,2666.95,22809,36.6508,78.1042,5946.54,405436,0.0461
960668,39.9528,76.1328,2666.95,37355,36.6725,78.0164,5797.67,400037,0.047
1036972,39.8839,76.0797,2546.94,7798,36.6761,78.3578,6201.24,408335,0.0492
1036972,39.8839,76.0797,2546.94,10034,36.6675,78.3917,6145.69,410621,0.0477
1036972,39.8839,76.0797,2546.94,22809,36.6508,78.1042,5946.54,400570,0.0486
34886,37.795,86.8108,5819.68,13427,36.48,82.5483,6077.79,405097,0.1628
95457,36.5219,80.3145,5464.83,77,38.5944,75.315,7597.78,497208,0.0781
95457,36.5219,80.3145,5464.83,99,38.6167,75.1947,7497.18,507695,0.0691
95457,36.5219,80.3145,5464.83,102,38.2769,75.1136,7484.46,499053,0.082
95457,36.5219,80.3145,5464.83,998,38.5386,75.2803,6691.87,497241,0.0666
120683,37.8264,86.5122,5367.09,11260,36.4131,82.3147,6118.83,403935,0.1545
158877,37.0967,85.0739,5234.55,95457,36.5219,80.3145,5464.83,428457,0.1313
215968,37.0625,85.0086,5059.0,95457,36.5219,80.3145,5464.83,422246,0.1357
280823,37.0383,84.8575,4877.64,95457,36.5219,80.3145,5464.83,408614,0.1482
475416,37.1356,84.8239,4268.32,95457,36.5219,80.3145,5464.83,407071,0.1395
52823,37.6936,90.618,5679.28,44436,38.0381,95.3239,5738.86,414824,0.1593
302567,39.3644,93.6133,4816.28,279492,43.0742,94.3472,4881.32,417047,0.0379
324450,39.535,95.7311,4754.25,279492,43.0742,94.3472,4881.32,410150,0.0454
397682,39.3825,94.4605,4537.19,279492,43.0742,94.3472,4881.32,410607,0.0352
480784,39.3169,94.1519,4248.9,279492,43.0742,94.3472,4881.32,418111,0.0307
665217,38.8342,105.9494,3543.21,157950,37.6928,101.5061,5237.24,408112,0.1122
686129,38.9103,105.9819,3456.24,157950,37.6928,101.5061,5237.24,413305,0.1043
1068395,32.5772,106.7397,2503.88,131611,30.7831,102.9886,5328.22,407129,0.0808
846000,42.5708,1.9317,2907.99,569636,44.8975,6.3964,3922.61,442168,0.035
846000,42.5708,1.9317,2907.99,768628,44.7356,6.1894,3139.07,418572,0.0406
912579,42.5192,2.4564,2757.41,543018,44.9225,6.3581,4021.1,411892,0.0464
912579,42.5192,2.4564,2757.41,569636,44.8975,6.3964,3922.61,412502,0.0456
912579,42.5192,2.4564,2757.41,574017,45.0044,6.3122,3906.07,414937,0.0423
959290,42.3792,8.9458,2669.49,396054,45.9425,7.8703,4542.39,405391,0.0276
1098883,42.6519,2.1925,2465.45,543018,44.9225,6.3581,4021.1,418904,0.0431
1098883,42.6519,2.1925,2465.45,569636,44.8975,6.3964,3922.61,419759,0.0422
1098883,42.6519,2.1925,2465.45,574017,45.0044,6.3122,3906.07,421379,0.0395
1091643,42.8244,13.275,2474.11,769274,46.2897,11.8303,3137.15,401946,0.0216
718765,40.3953,39.065,3323.63,60481,43.3525,42.438,5632.35,431337,0.0473
718765,40.3953,39.065,3323.63,193032,43.05,43.2128,5125.73,453367,0.0391
718765,40.3953,39.065,3323.63,201538,43.0,43.11,5100.58,443379,0.044
718765,40.3953,39.065,3323.63,363650,43.1275,42.665,4642.25,425895,0.0449
718765,40.3953,39.065,3323.63,398228,43.1189,42.9897,4535.35,444537,0.0365
718765,40.3953,39.065,3323.63,434902,43.0892,43.0547,4412.39,446332,0.0353
718765,40.3953,39.065,3323.63,551925,42.9203,42.5561,3988.66,403596,0.0529
718765,40.3953,39.065,3323.63,555959,43.205,42.0797,3973.87,400010,0.0477
718765,40.3953,39.065,3323.63,561114,43.1303,42.3294,3954.75,407110,0.0462
778848,40.5222,38.1539,3104.88,60481,43.3525,42.438,5632.35,473817,0.0311
778848,40.5222,38.1539,3104.88,363650,43.1275,42.665,4642.25,472791,0.0272
778848,40.5222,38.1539,3104.88,426470,43.1947,42.5147,4441.38,467578,0.0268
778848,40.5222,38.1539,3104.88,551925,42.9203,42.5561,3988.66,452215,0.0322
778848,40.5222,38.1539,3104.88,555959,43.205,42.0797,3973.87,441130,0.0322
778848,40.5222,38.1539,3104.88,561114,43.1303,42.3294,3954.75,451343,0.0295
778848,40.5222,38.1539,3104.88,598754,43.2831,41.5067,3810.56,413740,0.0398
778848,40.5222,38.1539,3104.88,602445,43.2442,41.7258,3796.06,423061,0.0368
778848,40.5222,38.1539,3104.88,602849,43.1114,42.0875,3794.59,434826,0.0345
778848,40.5222,38.1539,3104.88,608076,43.2383,41.6586,3773.59,418731,0.0384
778848,40.5222,38.1539,3104.88,619198,43.2283,41.7844,3729.81,425237,0.0357
778848,40.5222,38.1539,3104.88,623813,43.3708,41.5514,3711.66,423339,0.034
778848,40.5222,38.1539,3104.88,627527,43.3081,41.4575,3696.95,413067,0.0386
778848,40.5222,38.1539,3104.88,644013,43.4083,41.1611,3629.78,405901,0.0388
778848,40.5222,38.1539,3104.88,644089,43.4211,41.2692,3629.45,412526,0.0362
778848,40.5222,38.1539,3104.88,667561,43.2233,41.9436,3533.5,434270,0.0311
778848,40.5222,38.1539,3104.88,685534,43.4133,41.1064,3458.69,403586,0.0381
778848,40.5222,38.1539,3104.88,698704,43.3486,41.3225,3404.08,409161,0.0369
778848,40.5222,38.1539,3104.88,744717,43.6308,40.7214,3224.71,405394,0.0316
778848,40.5222,38.1539,3104.88,747197,42.9883,41.8683,3215.61,412388,0.0404
778848,40.5222,38.1539,3104.88,748377,43.7972,40.2111,3211.19,401670,0.0294
778848,40.5222,38.1539,3104.88,757944,42.8069,42.2142,3176.63,422168,0.0391
778848,40.5222,38.1539,3104.88,771327,43.4644,40.9986,3129.88,402807,0.0347
787614,40.5597,39.6897,3076.45,193032,43.05,43.2128,5125.73,402362,0.0647
787614,40.5597,39.6897,3076.45,381390,42.775,43.8053,4588.72,421278,0.0549
787614,40.5597,39.6897,3076.45,420544,42.9936,43.3953,4461.42,409393,0.0548
787614,40.5597,39.6897,3076.45,422820,42.9736,43.4436,4453.72,410987,0.0543
787614,40.5597,39.6897,3076.45,458896,42.7836,43.6992,4328.08,414715,0.0553
787614,40.5597,39.6897,3076.45,491642,42.8906,43.4767,4209.39,407293,0.0555
787614,40.5597,39.6897,3076.45,519211,42.8128,43.6372,4108.18,412498,0.0534
787614,40.5597,39.6897,3076.45,558735,42.8953,43.4028,3963.64,402911,0.0549
882055,40.5419,38.7581,2821.21,363650,43.1275,42.665,4642.25,432838,0.0402
882055,40.5419,38.7581,2821.21,426470,43.1947,42.5147,4441.38,428600,0.039
882055,40.5419,38.7581,2821.21,561114,43.1303,42.3294,3954.75,412691,0.0424
882055,40.5419,38.7581,2821.21,578141,43.1328,42.4589,3890.54,420628,0.0385
882055,40.5419,38.7581,2821.21,734619,43.0594,42.2581,3262.36,403083,0.0414
891678,43.9972,39.9292,2800.19,718765,40.3953,39.065,3323.63,406783,0.0208
894431,40.6131,39.8206,2794.54,458896,42.7836,43.6992,4328.08,402350,0.0604
894431,40.6131,39.8206,2794.54,519211,42.8128,43.6372,4108.18,400163,0.0583
907909,43.9533,39.9017,2766.46,718765,40.3953,39.065,3323.63,401588,0.0221
907909,43.9533,39.9017,2766.46,778848,40.5222,38.1539,3104.88,407724,0.0232
925630,40.5247,38.01,2731.45,60481,43.3525,42.438,5632.35,482587,0.0257
925630,40.5247,38.01,2731.45,598754,43.2831,41.5067,3810.56,421606,0.034
925630,40.5247,38.01,2731.45,602445,43.2442,41.7258,3796.06,431265,0.0311
925630,40.5247,38.01,2731.45,608076,43.2383,41.6586,3773.59,426864,0.0326
925630,40.5247,38.01,2731.45,619198,43.2283,41.7844,3729.81,433536,0.0301
925630,40.5247,38.01,2731.45,627527,43.3081,41.4575,3696.95,420825,0.033
925630,40.5247,38.01,2731.45,644013,43.4083,41.1611,3629.78,413070,0.0335
925630,40.5247,38.01,2731.45,644089,43.4211,41.2692,3629.45,419832,0.0311
925630,40.5247,38.01,2731.45,660245,43.3369,41.5214,3563.66,426719,0.0296
925630,40.5247,38.01,2731.45,685534,43.4133,41.1064,3458.69,410664,0.0329
925630,40.5247,38.01,2731.45,741718,43.7258,40.4522,3235.91,408931,0.0268
925630,40.5247,38.01,2731.45,744717,43.6308,40.7214,3224.71,411484,0.0275
925630,40.5247,38.01,2731.45,747197,42.9883,41.8683,3215.61,421188,0.0341
925630,40.5247,38.01,2731.45,748377,43.7972,40.2111,3211.19,406564,0.026
925630,40.5247,38.01,2731.45,771327,43.4644,40.9986,3129.88,409631,0.03
925630,40.5247,38.01,2731.45,783342,43.2928,41.1903,3090.13,404905,0.0341
925630,40.5247,38.01,2731.45,820855,43.8031,40.3825,2975.58,413628,0.023
925630,40.5247,38.01,2731.45,824688,43.2483,41.3983,2964.67,412711,0.0312
978156,40.3894,38.2953,2637.28,748377,43.7972,40.2111,3211.19,410548,0.0225
1102587,40.5847,38.5122,2460.39,60481,43.3525,42.438,5632.35,447183,0.0367
1102587,40.5847,38.5122,2460.39,363650,43.1275,42.665,4642.25,445139,0.0331
1102587,40.5847,38.5122,2460.39,426470,43.1947,42.5147,4441.38,440354,0.0324
1102587,40.5847,38.5122,2460.39,551925,42.9203,42.5561,3988.66,424154,0.0393
1102587,40.5847,38.5122,2460.39,555959,43.205,42.0797,3973.87,414753,0.0381
1102587,40.5847,38.5122,2460.39,578141,43.1328,42.4589,3890.54,432474,0.0319
1102587,40.5847,38.5122,2460.39,602849,43.1114,42.0875,3794.59,408138,0.0409
1102587,40.5847,38.5122,2460.39,667561,43.2233,41.9436,3533.5,408248,0.0366
1385197,40.7303,39.1503,2180.89,201538,43.0,43.11,5100.58,413697,0.054
1385197,40.7303,39.1503,2180.89,315102,43.0308,42.9933,4780.8,408162,0.0527
1385197,40.7303,39.1503,2180.89,402896,42.9578,43.1792,4519.67,415525,0.0478
1385197,40.7303,39.1503,2180.89,422820,42.9736,43.4436,4453.72,434268,0.0383
1385197,40.7303,39.1503,2180.89,491642,42.8906,43.4767,4209.39,431505,0.0387
1385197,40.7303,39.1503,2180.89,682145,42.7206,43.1689,3472.97,400179,0.0496
1389307,40.8844,39.1014,2177.46,201538,43.0,43.11,5100.58,406448,0.0617
1389307,40.8844,39.1014,2177.46,315102,43.0308,42.9933,4780.8,400586,0.0605
1389307,40.8844,39.1014,2177.46,381390,42.775,43.8053,4588.72,442726,0.0413
1389307,40.8844,39.1014,2177.46,402896,42.9578,43.1792,4519.67,408554,0.0548
1389307,40.8844,39.1014,2177.46,458896,42.7836,43.6992,4328.08,435454,0.0422
1389307,40.8844,39.1014,2177.46,491642,42.8906,43.4767,4209.39,425287,0.0441
1389307,40.8844,39.1014,2177.46,558735,42.8953,43.4028,3963.64,420360,0.044
1389307,40.8844,39.1014,2177.46,650778,42.6978,43.4708,3602.34,414504,0.047
1619384,40.6928,38.5653,2013.58,60481,43.3525,42.438,5632.35,435570,0.0393
1619384,40.6928,38.5653,2013.58,363650,43.1275,42.665,4642.25,433939,0.0355
1619384,40.6928,38.5653,2013.58,426470,43.1947,42.5147,4441.38,428967,0.0348
1619384,40.6928,38.5653,2013.58,551925,42.9203,42.5561,3988.66,413152,0.0422
1619384,40.6928,38.5653,2013.58,555959,43.205,42.0797,3973.87,403047,0.0411
1733011,40.9147,39.3919,1943.25,381390,42.775,43.8053,4588.72,419966,0.0513
1733011,40.9147,39.3919,1943.25,422820,42.9736,43.4436,4453.72,405763,0.0534
1733011,40.9147,39.3919,1943.25,444965,42.7461,43.8692,4377.42,423097,0.048
1733011,40.9147,39.3919,1943.25,458896,42.7836,43.6992,4328.08,412803,0.0523
1733011,40.9147,39.3919,1943.25,491642,42.8906,43.4767,4209.39,403107,0.054
1733011,40.9147,39.3919,1943.25,519211,42.8128,43.6372,4108.18,409967,0.0508
1733011,40.9147,39.3919,1943.25,569406,42.5983,43.8358,3923.4,413355,0.0512
512889,41.9594,46.9217,4131.0,306403,38.2669,47.8367,4805.46,417887,0.0335
574021,42.0167,46.6525,3906.06,306403,38.2669,47.8367,4805.46,428923,0.0291
624230,40.2789,46.3586,3710.0,201538,43.0,43.11,5100.58,405430,0.0635
624230,40.2789,46.3586,3710.0,234550,43.0508,43.1344,5006.78,408259,0.0596
658936,41.9594,46.3928,3569.0,306403,38.2669,47.8367,4805.46,428534,0.0287
685963,41.8475,46.6261,3457.0,306403,38.2669,47.8367,4805.46,411246,0.0336
692000,42.0489,46.2814,3431.73,306403,38.2669,47.8367,4805.46,440797,0.0239
693019,42.0164,46.3264,3427.6,306403,38.2669,47.8367,4805.46,436221,0.0253
697257,41.9208,46.4514,3410.0,306403,38.2669,47.8367,4805.46,423020,0.0295
735254,41.8967,46.4833,3260.0,306403,38.2669,47.8367,4805.46,419701,0.0296
793334,40.3517,46.3447,3058.0,234550,43.0508,43.1344,5006.78,401318,0.0579
820855,43.8031,40.3825,2975.58,778848,40.5222,38.1539,3104.88,408411,0.027
824688,43.2483,41.3983,2964.67,778848,40.5222,38.1539,3104.88,404928,0.0384
857455,42.0461,46.0289,2879.19,306403,38.2669,47.8367,4805.46,447400,0.0201
898680,42.8747,41.9061,2785.31,778848,40.5222,38.1539,3104.88,406709,0.0436
29198,41.0594,77.6839,5875.08,4428,36.535,77.29,6329.83,504245,0.0205
29198,41.0594,77.6839,5875.08,7798,36.6761,78.3578,6201.24,490875,0.0248
29198,41.0594,77.6839,5875.08,10034,36.6675,78.3917,6145.69,492181,0.0242
29198,41.0594,77.6839,5875.08,12602,36.6097,76.7411,6092.83,501467,0.0219
29198,41.0594,77.6839,5875.08,15546,36.6497,78.0708,6044.48,491477,0.0227
29198,41.0594,77.6839,5875.08,22809,36.6508,78.1042,5946.54,491560,0.0223
29198,41.0594,77.6839,5875.08,23732,36.6681,76.8481,5935.42,493615,0.0231
29198,41.0594,77.6839,5875.08,27874,36.6117,77.5806,5888.9,494642,0.0202
30272,41.0036,77.6167,5864.22,2824,36.6892,77.7342,6436.98,479846,0.0275
30272,41.0036,77.6167,5864.22,3923,36.4844,77.4847,6359.64,502642,0.0203
30272,41.0036,77.6167,5864.22,4428,36.535,77.29,6329.83,497690,0.0221
30272,41.0036,77.6167,5864.22,7798,36.6761,78.3578,6201.24,485451,0.0268
30272,41.0036,77.6167,5864.22,10034,36.6675,78.3917,6145.69,486795,0.0262
30272,41.0036,77.6167,5864.22,12602,36.6097,76.7411,6092.83,494426,0.0238
30272,41.0036,77.6167,5864.22,15546,36.6497,78.0708,6044.48,485724,0.0247
30272,41.0036,77.6167,5864.22,22809,36.6508,78.1042,5946.54,485845,0.0243
30272,41.0036,77.6167,5864.22,23732,36.6681,76.8481,5935.42,486653,0.025
43154,41.0281,77.3353,5749.17,2824,36.6892,77.7342,6436.98,483696,0.0267
43154,41.0281,77.3353,5749.17,4428,36.535,77.29,6329.83,499625,0.0202
43154,41.0281,77.3353,5749.17,7798,36.6761,78.3578,6201.24,491942,0.0251
43154,41.0281,77.3353,5749.17,12602,36.6097,76.7411,6092.83,493989,0.0223
43154,41.0281,77.3353,5749.17,15546,36.6497,78.0708,6044.48,490999,0.0235
43154,41.0281,77.3353,5749.17,23732,36.6681,76.8481,5935.42,486639,0.0233
43154,41.0281,77.3353,5749.17,37355,36.6725,78.0164,5797.67,487893,0.0229
47534,41.0808,77.6895,5715.79,2824,36.6892,77.7342,6436.98,488338,0.0237
47534,41.0808,77.6895,5715.79,7798,36.6761,78.3578,6201.24,493179,0.0232
47534,41.0808,77.6895,5715.79,10034,36.6675,78.3917,6145.69,494481,0.0226
47534,41.0808,77.6895,5715.79,12602,36.6097,76.7411,6092.83,503892,0.0205
47534,41.0808,77.6895,5715.79,15546,36.6497,78.0708,6044.48,493818,0.0213
47534,41.0808,77.6895,5715.79,22809,36.6508,78.1042,5946.54,493898,0.0209
47534,41.0808,77.6895,5715.79,23732,36.6681,76.8481,5935.42,496038,0.0216
47534,41.0808,77.6895,5715.79,37355,36.6725,78.0164,5797.67,490995,0.0207
47534,41.0808,77.6895,5715.79,43663,36.7328,77.91,5744.99,483851,0.0221
56919,40.9639,77.472,5653.71,2824,36.6892,77.7342,6436.98,475866,0.0282
56919,40.9639,77.472,5653.71,5589,36.5378,76.5786,6277.34,498211,0.0225
56919,40.9639,77.472,5653.71,7798,36.6761,78.3578,6201.24,482909,0.0271
56919,40.9639,77.472,5653.71,10034,36.6675,78.3917,6145.69,484328,0.0264
56919,40.9639,77.472,5653.71,12602,36.6097,76.7411,6092.83,488285,0.024
56919,40.9639,77.472,5653.71,15546,36.6497,78.0708,6044.48,482510,0.0251
56919,40.9639,77.472,5653.71,22809,36.6508,78.1042,5946.54,482708,0.0247
56919,40.9639,77.472,5653.71,23732,36.6681,76.8481,5935.42,480715,0.0252
56919,40.9639,77.472,5653.71,37355,36.6725,78.0164,5797.67,479503,0.0245
56919,40.9639,77.472,5653.71,43663,36.7328,77.91,5744.99,472001,0.0263
56919,40.9639,77.472,5653.71,49544,36.7169,77.9333,5701.35,473929,0.0255
57783,40.9544,77.4878,5648.5,2824,36.6892,77.7342,6436.98,474747,0.0285
57783,40.9544,77.4878,5648.5,5589,36.5378,76.5786,6277.34,497383,0.0228
57783,40.9544,77.4878,5648.5,7798,36.6761,78.3578,6201.24,481651,0.0274
57783,40.9544,77.4878,5648.5,10034,36.6675,78.3917,6145.69,483063,0.0267
57783,40.9544,77.4878,5648.5,12602,36.6097,76.7411,6092.83,487418,0.0244
57783,40.9544,77.4878,5648.5,15546,36.6497,78.0708,6044.48,481315,0.0254
57783,40.9544,77.4878,5648.5,22809,36.6508,78.1042,5946.54,481505,0.0249
57783,40.9544,77.4878,5648.5,23732,36.6681,76.8481,5935.42,479822,0.0255
57783,40.9544,77.4878,5648.5,37355,36.6725,78.0164,5797.67,478319,0.0248
57783,40.9544,77.4878,5648.5,43663,36.7328,77.91,5744.99,470840,0.0266
57783,40.9544,77.4878,5648.5,49544,36.7169,77.9333,5701.35,472763,0.0258
58147,41.0797,77.7667,5646.08,2824,36.6892,77.7342,6436.98,488209,0.0234
58147,41.0797,77.7667,5646.08,7798,36.6761,78.3578,6201.24,492320,0.0228
58147,41.0797,77.7667,5646.08,10034,36.6675,78.3917,6145.69,493584,0.0223
58147,41.0797,77.7667,5646.08,12602,36.6097,76.7411,6092.83,504903,0.0201
58147,41.0797,77.7667,5646.08,15546,36.6497,78.0708,6044.48,493295,0.0208
58147,41.0797,77.7667,5646.08,22809,36.6508,78.1042,5946.54,493335,0.0205
58147,41.0797,77.7667,5646.08,23732,36.6681,76.8481,5935.42,496941,0.0213
58147,41.0797,77.7667,5646.08,37355,36.6725,78.0164,5797.67,490533,0.0203
58147,41.0797,77.7667,5646.08,43663,36.7328,77.91,5744.99,483511,0.0216
58147,41.0797,77.7667,5646.08,49544,36.7169,77.9333,5701.35,485334,0.021
60965,41.0175,77.4756,5629.57,2824,36.6892,77.7342,6436.98,481804,0.0261
60965,41.0175,77.4756,5629.57,5589,36.5378,76.5786,6277.34,504143,0.0207
60965,41.0175,77.4756,5629.57,12602,36.6097,76.7411,6092.83,494232,0.0221
60965,41.0175,77.4756,5629.57,23732,36.6681,76.8481,5935.42,486670,0.0232
60965,41.0175,77.4756,5629.57,43663,36.7328,77.91,5744.99,477916,0.0242
60965,41.0175,77.4756,5629.57,49544,36.7169,77.9333,5701.35,479841,0.0235
80609,40.965,77.4322,5529.04,2824,36.6892,77.7342,6436.98,476165,0.0275
80609,40.965,77.4322,5529.04,5589,36.5378,76.5786,6277.34,497807,0.0219
80609,40.965,77.4322,5529.04,7798,36.6761,78.3578,6201.24,483589,0.0263
80609,40.965,77.4322,5529.04,10034,36.6675,78.3917,6145.69,485026,0.0256
80609,40.965,77.4322,5529.04,12602,36.6097,76.7411,6092.83,487972,0.0233
80609,40.965,77.4322,5529.04,15546,36.6497,78.0708,6044.48,483014,0.0244
80609,40.965,77.4322,5529.04,22809,36.6508,78.1042,5946.54,483232,0.024
80609,40.965,77.4322,5529.04,23732,36.6681,76.8481,5935.42,480462,0.0244
80609,40.965,77.4322,5529.04,37355,36.6725,78.0164,5797.67,479976,0.0239
80609,40.965,77.4322,5529.04,43663,36.7328,77.91,5744.99,472412,0.0256
80609,40.965,77.4322,5529.04,49544,36.7169,77.9333,5701.35,474353,0.0248
80609,40.965,77.4322,5529.04,58930,36.7883,77.3211,5641.23,464527,0.0262
80609,40.965,77.4322,5529.04,62845,36.74,77.1603,5618.74,470387,0.0248
91686,40.9986,77.562,5480.7,2824,36.6892,77.7342,6436.98,479414,0.0257
91686,40.9986,77.562,5480.7,4428,36.535,77.29,6329.83,496888,0.0203
91686,40.9986,77.562,5480.7,7798,36.6761,78.3578,6201.24,485550,0.0248
91686,40.9986,77.562,5480.7,10034,36.6675,78.3917,6145.69,486921,0.0242
91686,40.9986,77.562,5480.7,12602,36.6097,76.7411,6092.83,493172,0.022
91686,40.9986,77.562,5480.7,15546,36.6497,78.0708,6044.48,485577,0.0229
91686,40.9986,77.562,5480.7,22809,36.6508,78.1042,5946.54,485726,0.0225
91686,40.9986,77.562,5480.7,23732,36.6681,76.8481,5935.42,485478,0.0231
91686,40.9986,77.562,5480.7,37355,36.6725,78.0164,5797.67,482645,0.0223
91686,40.9986,77.562,5480.7,43663,36.7328,77.91,5744.99,475289,0.0239
91686,40.9986,77.562,5480.7,49544,36.7169,77.9333,5701.35,477185,0.0232
91686,40.9986,77.562,5480.7,58930,36.7883,77.3211,5641.23,468627,0.0251
91686,40.9986,77.562,5480.7,62845,36.74,77.1603,5618.74,474808,0.0236
91686,40.9986,77.562,5480.7,84040,36.865,77.7075,5513.46,459807,0.0269
108683,41.0517,77.7314,5411.79,2824,36.6892,77.7342,6436.98,485087,0.023
108683,41.0517,77.7314,5411.79,7798,36.6761,78.3578,6201.24,489553,0.0226
108683,41.0517,77.7314,5411.79,10034,36.6675,78.3917,6145.69,490836,0.022
108683,41.0517,77.7314,5411.79,15546,36.6497,78.0708,6044.48,490360,0.0206
108683,41.0517,77.7314,5411.79,22809,36.6508,78.1042,5946.54,490419,0.0203
108683,41.0517,77.7314,5411.79,23732,36.6681,76.8481,5935.42,493388,0.021
108683,41.0517,77.7314,5411.79,37355,36.6725,78.0164,5797.67,487568,0.0201
108683,41.0517,77.7314,5411.79,43663,36.7328,77.91,5744.99,480487,0.0215
108683,41.0517,77.7314,5411.79,49544,36.7169,77.9333,5701.35,482323,0.0208
108683,41.0517,77.7314,5411.79,58930,36.7883,77.3211,5641.23,475393,0.0232
108683,41.0517,77.7314,5411.79,84040,36.865,77.7075,5513.46,465544,0.0242
108771,41.0222,77.4264,5411.5,7798,36.6761,78.3578,6201.24,489939,0.0236
108771,41.0222,77.4264,5411.5,10034,36.6675,78.3917,6145.69,491373,0.023
108771,41.0222,77.4264,5411.5,12602,36.6097,76.7411,6092.83,494221,0.0209
108771,41.0222,77.4264,5411.5,23732,36.6681,76.8481,5935.42,486733,0.0219
128026,41.0622,77.7792,5340.87,2824,36.6892,77.7342,6436.98,486270,0.0224
128026,41.0622,77.7792,5340.87,7798,36.6761,78.3578,6201.24,490273,0.0218
128026,41.0622,77.7792,5340.87,10034,36.6675,78.3917,6145.69,491532,0.0213
128026,41.0622,77.7792,5340.87,23732,36.6681,76.8481,5935.42,495197,0.0203
128026,41.0622,77.7792,5340.87,43663,36.7328,77.91,5744.99,481539,0.0207
128026,41.0622,77.7792,5340.87,49544,36.7169,77.9333,5701.35,483358,0.02
128026,41.0622,77.7792,5340.87,84040,36.865,77.7075,5513.46,466748,0.0236
128026,41.0622,77.7792,5340.87,116421,37.2483,76.4483,5382.5,439321,0.0398
128026,41.0622,77.7792,5340.87,120303,36.9447,77.7306,5368.39,457864,0.0255
156942,41.0589,77.998,5240.57,540,38.2069,75.1319,6896.62,400959,0.1096
156942,41.0589,77.998,5240.57,2824,36.6892,77.7342,6436.98,486423,0.0225
156942,41.0589,77.998,5240.57,7798,36.6761,78.3578,6201.24,488337,0.0212
156942,41.0589,77.998,5240.57,10034,36.6675,78.3917,6145.69,489487,0.0207
156942,41.0589,77.998,5240.57,43663,36.7328,77.91,5744.99,481100,0.0202
156942,41.0589,77.998,5240.57,58930,36.7883,77.3211,5641.23,478460,0.0223
156942,41.0589,77.998,5240.57,84040,36.865,77.7075,5513.46,467015,0.0238
156942,41.0589,77.998,5240.57,116421,37.2483,76.4483,5382.5,444267,0.0383
156942,41.0589,77.998,5240.57,120303,36.9447,77.7306,5368.39,458060,0.0257
156942,41.0589,77.998,5240.57,135217,36.8592,77.63,5315.61,468066,0.0227
156942,41.0589,77.998,5240.57,140191,37.0103,77.2261,5298.15,455087,0.0286
158583,41.0803,77.8947,5235.45,2824,36.6892,77.7342,6436.98,488465,0.0216
158583,41.0803,77.8947,5235.45,58930,36.7883,77.3211,5641.23,479816,0.0216
158583,41.0803,77.8947,5235.45,84040,36.865,77.7075,5513.46,468998,0.0228
158583,41.0803,77.8947,5235.45,116421,37.2483,76.4483,5382.5,443950,0.0376
158583,41.0803,77.8947,5235.45,120303,36.9447,77.7306,5368.39,460075,0.0247
158583,41.0803,77.8947,5235.45,135217,36.8592,77.63,5315.61,469921,0.0218
158583,41.0803,77.8947,5235.45,140191,37.0103,77.2261,5298.15,456227,0.0276
171389,40.9953,77.5114,5193.49,2824,36.6892,77.7342,6436.98,479204,0.0243
171389,40.9953,77.5114,5193.49,7798,36.6761,78.3578,6201.24,485828,0.0234
171389,40.9953,77.5114,5193.49,10034,36.6675,78.3917,6145.69,487224,0.0228
171389,40.9953,77.5114,5193.49,15546,36.6497,78.0708,6044.48,485629,0.0216
171389,40.9953,77.5114,5193.49,22809,36.6508,78.1042,5946.54,485804,0.0212
171389,40.9953,77.5114,5193.49,43663,36.7328,77.91,5744.99,475221,0.0226
171389,40.9953,77.5114,5193.49,49544,36.7169,77.9333,5701.35,477134,0.0219
171389,40.9953,77.5114,5193.49,84040,36.865,77.7075,5513.46,459580,0.0255
171389,40.9953,77.5114,5193.49,120303,36.9447,77.7306,5368.39,450803,0.0277
171389,40.9953,77.5114,5193.49,135217,36.8592,77.63,5315.61,460027,0.024
227894,40.4494,75.0872,5025.18,120303,36.9447,77.7306,5368.39,452154,0.042
231134,41.2008,78.27,5016.14,120303,36.9447,77.7306,5368.39,475538,0.0203
281498,40.7906,76.6681,4875.68,2824,36.6892,77.7342,6436.98,465322,0.031
281498,40.7906,76.6681,4875.68,84040,36.865,77.7075,5513.46,445685,0.0327
281498,40.7906,76.6681,4875.68,120303,36.9447,77.7306,5368.39,437414,0.0353
369306,40.7392,76.9133,4625.42,23732,36.6681,76.8481,5935.42,452720,0.0264
369306,40.7392,76.9133,4625.42,43663,36.7328,77.91,5744.99,453791,0.0291
369306,40.7392,76.9133,4625.42,49544,36.7169,77.9333,5701.35,455916,0.0282
369306,40.7392,76.9133,4625.42,144808,36.855,76.9042,5281.9,431903,0.0296
372585,41.0406,78.2047,4615.79,102,38.2769,75.1136,7484.46,405474,0.1108
372585,41.0406,78.2047,4615.79,383,38.2317,75.1117,7016.77,409456,0.0989
372585,41.0406,78.2047,4615.79,540,38.2069,75.1319,6896.62,410483,0.0954
372585,41.0406,78.2047,4615.79,140191,37.0103,77.2261,5298.15,456042,0.0255
372585,41.0406,78.2047,4615.79,352182,36.99,78.0194,4675.19,450690,0.0209
391205,40.5711,77.1072,4557.75,2824,36.6892,77.7342,6436.98,435066,0.0389
391205,40.5711,77.1072,4557.75,7798,36.6761,78.3578,6201.24,446507,0.0362
391205,40.5711,77.1072,4557.75,10034,36.6675,78.3917,6145.69,448160,0.0353
391205,40.5711,77.1072,4557.75,12602,36.6097,76.7411,6092.83,441633,0.0323
391205,40.5711,77.1072,4557.75,15546,36.6497,78.0708,6044.48,443996,0.0343
391205,40.5711,77.1072,4557.75,22809,36.6508,78.1042,5946.54,444431,0.0337
391205,40.5711,77.1072,4557.75,23732,36.6681,76.8481,5935.42,434576,0.0335
391205,40.5711,77.1072,4557.75,33632,36.605,77.0997,5831.59,441010,0.0291
391205,40.5711,77.1072,4557.75,37355,36.6725,78.0164,5797.67,440633,0.0337
391205,40.5711,77.1072,4557.75,43663,36.7328,77.91,5744.99,432449,0.0362
391205,40.5711,77.1072,4557.75,49544,36.7169,77.9333,5701.35,434524,0.0352
391205,40.5711,77.1072,4557.75,58930,36.7883,77.3211,5641.23,421037,0.0369
391205,40.5711,77.1072,4557.75,62845,36.74,77.1603,5618.74,426023,0.0337
391205,40.5711,77.1072,4557.75,84040,36.865,77.7075,5513.46,415373,0.041
391205,40.5711,77.1072,4557.75,120303,36.9447,77.7306,5368.39,406840,0.0443
391205,40.5711,77.1072,4557.75,135217,36.8592,77.63,5315.61,415226,0.039
391205,40.5711,77.1072,4557.75,144808,36.855,76.9042,5281.9,413586,0.0375
391205,40.5711,77.1072,4557.75,174762,36.6933,78.6328,5182.53,451072,0.0291
391205,40.5711,77.1072,4557.75,222924,36.9617,77.5408,5039.05,403101,0.0421
391205,40.5711,77.1072,4557.75,223226,36.9122,78.1336,5038.32,416466,0.0399
391205,40.5711,77.1072,4557.75,231513,36.7147,78.8061,5015.1,453459,0.0281
391205,40.5711,77.1072,4557.75,300113,36.9525,77.8961,4823.21,408136,0.0405
391205,40.5711,77.1072,4557.75,352182,36.99,78.0194,4675.19,405967,0.0413
391205,40.5711,77.1072,4557.75,384425,36.9378,77.6536,4579.17,406770,0.0376
392920,40.4736,76.2964,4552.18,2824,36.6892,77.7342,6436.98,438953,0.043
392920,40.4736,76.2964,4552.18,3923,36.4844,77.4847,6359.64,455465,0.033
392920,40.4736,76.2964,4552.18,4428,36.535,77.29,6329.83,446395,0.0354
392920,40.4736,76.2964,4552.18,7798,36.6761,78.3578,6201.24,458675,0.0364
392920,40.4736,76.2964,4552.18,10034,36.6675,78.3917,6145.69,460715,0.0353
392920,40.4736,76.2964,4552.18,15546,36.6497,78.0708,6044.48,452293,0.0361
392920,40.4736,76.2964,4552.18,22809,36.6508,78.1042,5946.54,453175,0.0352
392920,40.4736,76.2964,4552.18,43663,36.7328,77.91,5744.99,438931,0.0389
392920,40.4736,76.2964,4552.18,49544,36.7169,77.9333,5701.35,441260,0.0377
392920,40.4736,76.2964,4552.18,84040,36.865,77.7075,5513.46,419524,0.0454
392920,40.4736,76.2964,4552.18,120303,36.9447,77.7306,5368.39,411638,0.0487
392920,40.4736,76.2964,4552.18,135217,36.8592,77.63,5315.61,418232,0.0437
392920,40.4736,76.2964,4552.18,174762,36.6933,78.6328,5182.53,466787,0.0278
392920,40.4736,76.2964,4552.18,222924,36.9617,77.5408,5039.05,405141,0.0477
392920,40.4736,76.2964,4552.18,223226,36.9122,78.1336,5038.32,426874,0.0413
392920,40.4736,76.2964,4552.18,300113,36.9525,77.8961,4823.21,415380,0.0434
392920,40.4736,76.2964,4552.18,352182,36.99,78.0194,4675.19,415165,0.0434
392920,40.4736,76.2964,4552.18,384425,36.9378,77.6536,4579.17,410406,0.0419
413429,40.0361,75.2522,4485.47,7798,36.6761,78.3578,6201.24,461357,0.0447
413429,40.0361,75.2522,4485.47,10034,36.6675,78.3917,6145.69,463877,0.0431
413429,40.0361,75.2522,4485.47,15546,36.6497,78.0708,6044.48,449621,0.047
413429,40.0361,75.2522,4485.47,22809,36.6508,78.1042,5946.54,451115,0.0456
413429,40.0361,75.2522,4485.47,37355,36.6725,78.0164,5797.67,444894,0.0469
413429,40.0361,75.2522,4485.47,84040,36.865,77.7075,5513.46,412326,0.062
413429,40.0361,75.2522,4485.47,120303,36.9447,77.7306,5368.39,405777,0.0658
413429,40.0361,75.2522,4485.47,223226,36.9122,78.1336,5038.32,428401,0.0518
413429,40.0361,75.2522,4485.47,300113,36.9525,77.8961,4823.21,412880,0.0569
413429,40.0361,75.2522,4485.47,352182,36.99,78.0194,4675.19,415509,0.0553
426271,40.3203,75.6889,4442.07,2824,36.6892,77.7342,6436.98,441208,0.0465
426271,40.3203,75.6889,4442.07,3942,36.5056,77.7195,6358.47,459554,0.0361
426271,40.3203,75.6889,4442.07,15546,36.6497,78.0708,6044.48,457738,0.0375
426271,40.3203,75.6889,4442.07,22809,36.6508,78.1042,5946.54,458952,0.0364
426271,40.3203,75.6889,4442.07,37355,36.6725,78.0164,5797.67,453332,0.0373
426271,40.3203,75.6889,4442.07,49544,36.7169,77.9333,5701.35,445682,0.0397
426271,40.3203,75.6889,4442.07,84040,36.865,77.7075,5513.46,422336,0.0489
426271,40.3203,75.6889,4442.07,120303,36.9447,77.7306,5368.39,415103,0.0523
426271,40.3203,75.6889,4442.07,135217,36.8592,77.63,5315.61,420179,0.0475
426271,40.3203,75.6889,4442.07,222924,36.9617,77.5408,5039.05,406594,0.0522
426271,40.3203,75.6889,4442.07,384425,36.9378,77.6536,4579.17,412994,0.0453
434400,40.5358,76.933,4414.11,2824,36.6892,77.7342,6436.98,433343,0.0398
434400,40.5358,76.933,4414.11,3923,36.4844,77.4847,6359.64,453042,0.0296
434400,40.5358,76.933,4414.11,3942,36.5056,77.7195,6358.47,453324,0.0306
434400,40.5358,76.933,4414.11,7798,36.6761,78.3578,6201.24,446660,0.0362
434400,40.5358,76.933,4414.11,10034,36.6675,78.3917,6145.69,448403,0.0353
434400,40.5358,76.933,4414.11,12602,36.6097,76.7411,6092.83,436880,0.0322
434400,40.5358,76.933,4414.11,15546,36.6497,78.0708,6044.48,443272,0.0347
434400,40.5358,76.933,4414.11,22809,36.6508,78.1042,5946.54,443808,0.034
434400,40.5358,76.933,4414.11,23732,36.6681,76.8481,5935.42,430131,0.0333
434400,40.5358,76.933,4414.11,33632,36.605,77.0997,5831.59,437324,0.0303
434400,40.5358,76.933,4414.11,37355,36.6725,78.0164,5797.67,439762,0.0342
434400,40.5358,76.933,4414.11,43663,36.7328,77.91,5744.99,431296,0.0368
434400,40.5358,76.933,4414.11,49544,36.7169,77.9333,5701.35,433432,0.0357
434400,40.5358,76.933,4414.11,58930,36.7883,77.3211,5641.23,418061,0.0382
434400,40.5358,76.933,4414.11,62845,36.74,77.1603,5618.74,422534,0.0351
434400,40.5358,76.933,4414.11,84040,36.865,77.7075,5513.46,413665,0.042
434400,40.5358,76.933,4414.11,120303,36.9447,77.7306,5368.39,405253,0.0453
434400,40.5358,76.933,4414.11,135217,36.8592,77.63,5315.61,413265,0.0401
434400,40.5358,76.933,4414.11,144808,36.855,76.9042,5281.9,409293,0.0373
434400,40.5358,76.933,4414.11,174762,36.6933,78.6328,5182.53,452042,0.0288
434400,40.5358,76.933,4414.11,222924,36.9617,77.5408,5039.05,400898,0.0433
434400,40.5358,76.933,4414.11,223226,36.9122,78.1336,5038.32,416156,0.0403
434400,40.5358,76.933,4414.11,231513,36.7147,78.8061,5015.1,454946,0.0277
434400,40.5358,76.933,4414.11,300113,36.9525,77.8961,4823.21,407096,0.0412
434400,40.5358,76.933,4414.11,352182,36.99,78.0194,4675.19,405360,0.0419
434400,40.5358,76.933,4414.11,384425,36.9378,77.6536,4579.17,404927,0.0386
434400,40.5358,76.933,4414.11,432477,36.8761,78.3603,4420.68,425350,0.0331
436211,41.4114,72.9122,4407.85,416912,39.5,68.7594,4474.13,410572,0.0873
446389,40.9053,77.7222,4372.57,7798,36.6761,78.3578,6201.24,473476,0.022
446389,40.9053,77.7222,4372.57,43663,36.7328,77.91,5744.99,464245,0.021
446389,40.9053,77.7222,4372.57,49544,36.7169,77.9333,5701.35,466087,0.0203
446389,40.9053,77.7222,4372.57,161347,37.0964,76.5061,5226.29,436358,0.0322
446389,40.9053,77.7222,4372.57,300113,36.9525,77.8961,4823.21,439788,0.0236
455645,40.89,77.6503,4339.42,7798,36.6761,78.3578,6201.24,472554,0.0224
455645,40.89,77.6503,4339.42,10034,36.6675,78.3917,6145.69,473892,0.0218
455645,40.89,77.6503,4339.42,15546,36.6497,78.0708,6044.48,472904,0.0205
455645,40.89,77.6503,4339.42,22809,36.6508,78.1042,5946.54,473014,0.0202
455645,40.89,77.6503,4339.42,223226,36.9122,78.1336,5038.32,444281,0.0243
458022,41.5703,73.6225,4331.04,334411,39.5414,69.3392,4726.07,426349,0.076
458022,41.5703,73.6225,4331.04,416912,39.5,68.7594,4474.13,470950,0.0461
470326,40.9192,77.7808,4286.83,2824,36.6892,77.7342,6436.98,470371,0.0216
470326,40.9192,77.7808,4286.83,84040,36.865,77.7075,5513.46,450850,0.0229
470326,40.9192,77.7808,4286.83,116421,37.2483,76.4483,5382.5,424062,0.0391
470326,40.9192,77.7808,4286.83,120303,36.9447,77.7306,5368.39,441965,0.0248
470326,40.9192,77.7808,4286.83,161347,37.0964,76.5061,5226.29,439097,0.0309
470326,40.9192,77.7808,4286.83,300113,36.9525,77.8961,4823.21,441189,0.0225
487084,42.1378,70.4806,4225.89,383612,39.1019,67.7911,4581.69,406747,0.0557
488509,41.3825,72.8364,4220.67,416912,39.5,68.7594,4474.13,403489,0.091
517765,41.4981,72.907,4113.47,416912,39.5,68.7594,4474.13,415078,0.078
535329,40.685,77.9506,4048.94,2824,36.6892,77.7342,6436.98,444708,0.0291
535329,40.685,77.9506,4048.94,7798,36.6761,78.3578,6201.24,447166,0.0278
535329,40.685,77.9506,4048.94,10034,36.6675,78.3917,6145.69,448361,0.0272
535329,40.685,77.9506,4048.94,22809,36.6508,78.1042,5946.54,448780,0.0248
535329,40.685,77.9506,4048.94,27874,36.6117,77.5806,5888.9,454066,0.0237
535329,40.685,77.9506,4048.94,37355,36.6725,78.0164,5797.67,446205,0.0245
535329,40.685,77.9506,4048.94,43663,36.7328,77.91,5744.99,439478,0.0263
535329,40.685,77.9506,4048.94,49544,36.7169,77.9333,5701.35,441234,0.0254
535329,40.685,77.9506,4048.94,58930,36.7883,77.3211,5641.23,436715,0.0293
535329,40.685,77.9506,4048.94,84040,36.865,77.7075,5513.46,425286,0.0309
535329,40.685,77.9506,4048.94,116421,37.2483,76.4483,5382.5,403593,0.0497
535329,40.685,77.9506,4048.94,120303,36.9447,77.7306,5368.39,416338,0.0334
535329,40.685,77.9506,4048.94,135217,36.8592,77.63,5315.61,426315,0.0297
535329,40.685,77.9506,4048.94,140191,37.0103,77.2261,5298.15,413391,0.0373
535329,40.685,77.9506,4048.94,144808,36.855,76.9042,5281.9,435420,0.0298
535329,40.685,77.9506,4048.94,174762,36.6933,78.6328,5182.53,447783,0.0232
535329,40.685,77.9506,4048.94,222924,36.9617,77.5408,5039.05,415529,0.0326
535329,40.685,77.9506,4048.94,223226,36.9122,78.1336,5038.32,419815,0.0298
535329,40.685,77.9506,4048.94,300113,36.9525,77.8961,4823.21,415061,0.0296
535329,40.685,77.9506,4048.94,309797,36.9925,77.3581,4795.74,413778,0.0328
535329,40.685,77.9506,4048.94,352182,36.99,78.0194,4675.19,410908,0.0303
535329,40.685,77.9506,4048.94,384425,36.9378,77.6536,4579.17,417462,0.0284
535329,40.685,77.9506,4048.94,432477,36.8761,78.3603,4420.68,425014,0.0254
535329,40.685,77.9506,4048.94,476177,36.9158,78.3481,4265.67,420527,0.026
559167,40.7639,78.5586,3962.08,102,38.2769,75.1136,7484.46,404649,0.1137
559167,40.7639,78.5586,3962.08,383,38.2317,75.1117,7016.77,408286,0.1015
559167,40.7639,78.5586,3962.08,58930,36.7883,77.3211,5641.23,454881,0.0253
559167,40.7639,78.5586,3962.08,116421,37.2483,76.4483,5382.5,431315,0.0394
559167,40.7639,78.5586,3962.08,248054,37.4139,76.3656,4969.23,417790,0.0441
559167,40.7639,78.5586,3962.08,401060,37.5853,76.3453,4525.98,401613,0.0502
559244,40.6731,78.1447,3961.8,2824,36.6892,77.7342,6436.98,444418,0.0296
559244,40.6731,78.1447,3961.8,4428,36.535,77.29,6329.83,466083,0.0236
559244,40.6731,78.1447,3961.8,5410,36.4783,76.8606,6284.57,479594,0.0209
559244,40.6731,78.1447,3961.8,7798,36.6761,78.3578,6201.24,444830,0.0272
559244,40.6731,78.1447,3961.8,10034,36.6675,78.3917,6145.69,445917,0.0267
559244,40.6731,78.1447,3961.8,12602,36.6097,76.7411,6092.83,467965,0.0241
559244,40.6731,78.1447,3961.8,15546,36.6497,78.0708,6044.48,447427,0.0249
559244,40.6731,78.1447,3961.8,27874,36.6117,77.5806,5888.9,454253,0.0239
559244,40.6731,78.1447,3961.8,37355,36.6725,78.0164,5797.67,444985,0.0246
559244,40.6731,78.1447,3961.8,43663,36.7328,77.91,5744.99,438613,0.0269
559244,40.6731,78.1447,3961.8,49544,36.7169,77.9333,5701.35,440291,0.026
559244,40.6731,78.1447,3961.8,58930,36.7883,77.3211,5641.23,437831,0.0294
559244,40.6731,78.1447,3961.8,84040,36.865,77.7075,5513.46,425132,0.0314
559244,40.6731,78.1447,3961.8,116421,37.2483,76.4483,5382.5,408066,0.0482
559244,40.6731,78.1447,3961.8,120303,36.9447,77.7306,5368.39,416127,0.034
559244,40.6731,78.1447,3961.8,135217,36.8592,77.63,5315.61,426424,0.0301
559244,40.6731,78.1447,3961.8,140191,37.0103,77.2261,5298.15,414974,0.0372
559244,40.6731,78.1447,3961.8,144808,36.855,76.9042,5281.9,437950,0.0294
559244,40.6731,78.1447,3961.8,174762,36.6933,78.6328,5182.53,444554,0.023
559244,40.6731,78.1447,3961.8,222924,36.9617,77.5408,5039.05,415988,0.033
559244,40.6731,78.1447,3961.8,223226,36.9122,78.1336,5038.32,418193,0.029
559244,40.6731,78.1447,3961.8,300113,36.9525,77.8961,4823.21,414271,0.0303
559244,40.6731,78.1447,3961.8,309797,36.9925,77.3581,4795.74,414890,0.0329
559244,40.6731,78.1447,3961.8,352182,36.99,78.0194,4675.19,409685,0.0305
559244,40.6731,78.1447,3961.8,384425,36.9378,77.6536,4579.17,417518,0.0288
559244,40.6731,78.1447,3961.8,432477,36.8761,78.3603,4420.68,422619,0.0249
559244,40.6731,78.1447,3961.8,476177,36.9158,78.3481,4265.67,418163,0.0255
559244,40.6731,78.1447,3961.8,482648,37.1406,76.8453,4242.05,408556,0.0352
559244,40.6731,78.1447,3961.8,497727,37.1131,76.912,4186.77,409964,0.0337
559621,41.4725,72.8475,3960.4,416912,39.5,68.7594,4474.13,409363,0.0808
559621,41.4725,72.8475,3960.4,542002,39.5364,68.4483,4024.79,429671,0.0623
560635,40.0997,75.5364,3956.45,2824,36.6892,77.7342,6436.98,424816,0.0537
560635,40.0997,75.5364,3956.45,7798,36.6761,78.3578,6201.24,453139,0.0416
560635,40.0997,75.5364,3956.45,10034,36.6675,78.3917,6145.69,455556,0.0401
560635,40.0997,75.5364,3956.45,15546,36.6497,78.0708,6044.48,442641,0.0431
560635,40.0997,75.5364,3956.45,43663,36.7328,77.91,5744.99,427654,0.0475
560635,40.0997,75.5364,3956.45,84040,36.865,77.7075,5513.46,406270,0.0566
560635,40.0997,75.5364,3956.45,135217,36.8592,77.63,5315.61,403757,0.0552
560635,40.0997,75.5364,3956.45,223226,36.9122,78.1336,5038.32,420303,0.0482
560635,40.0997,75.5364,3956.45,300113,36.9525,77.8961,4823.21,405672,0.0526
560635,40.0997,75.5364,3956.45,352182,36.99,78.0194,4675.19,407627,0.0515
582290,41.0169,74.1233,3874.56,326724,39.6442,69.7111,4747.88,403892,0.1057
585794,41.3608,73.4161,3861.07,535302,39.5994,68.8847,4049.02,430323,0.0649
589806,40.8131,78.6947,3845.62,102,38.2769,75.1136,7484.46,416843,0.1011
589806,40.8131,78.6947,3845.62,383,38.2317,75.1117,7016.77,420450,0.0899
589806,40.8131,78.6947,3845.62,255817,37.7319,76.27,4947.38,401140,0.0565
592697,40.7867,77.7325,3834.41,116421,37.2483,76.4483,5382.5,408780,0.0427
593172,40.7314,78.2667,3832.69,2824,36.6892,77.7342,6436.98,451837,0.0267
593172,40.7314,78.2667,3832.69,4428,36.535,77.29,6329.83,474257,0.0209
593172,40.7314,78.2667,3832.69,7798,36.6761,78.3578,6201.24,450997,0.024
593172,40.7314,78.2667,3832.69,10034,36.6675,78.3917,6145.69,452014,0.0235
593172,40.7314,78.2667,3832.69,15546,36.6497,78.0708,6044.48,454182,0.0226
593172,40.7314,78.2667,3832.69,22809,36.6508,78.1042,5946.54,453960,0.0221
593172,40.7314,78.2667,3832.69,37355,36.6725,78.0164,5797.67,451850,0.0223
593172,40.7314,78.2667,3832.69,43663,36.7328,77.91,5744.99,445697,0.0243
593172,40.7314,78.2667,3832.69,49544,36.7169,77.9333,5701.35,447326,0.0235
593172,40.7314,78.2667,3832.69,58930,36.7883,77.3211,5641.23,446043,0.0262
593172,40.7314,78.2667,3832.69,84040,36.865,77.7075,5513.46,432643,0.0284
593172,40.7314,78.2667,3832.69,116421,37.2483,76.4483,5382.5,417946,0.0427
593172,40.7314,78.2667,3832.69,120303,36.9447,77.7306,5368.39,423611,0.0308
593172,40.7314,78.2667,3832.69,135217,36.8592,77.63,5315.61,434086,0.0271
593172,40.7314,78.2667,3832.69,140191,37.0103,77.2261,5298.15,423450,0.0333
593172,40.7314,78.2667,3832.69,222924,36.9617,77.5408,5039.05,423854,0.0297
593172,40.7314,78.2667,3832.69,223226,36.9122,78.1336,5038.32,424831,0.0265
593172,40.7314,78.2667,3832.69,248054,37.4139,76.3656,4969.23,403719,0.0481
593172,40.7314,78.2667,3832.69,300113,36.9525,77.8961,4823.21,421417,0.0275
593172,40.7314,78.2667,3832.69,309797,36.9925,77.3581,4795.74,423116,0.0294
593172,40.7314,78.2667,3832.69,352182,36.99,78.0194,4675.19,416574,0.0278
593172,40.7314,78.2667,3832.69,384425,36.9378,77.6536,4579.17,425154,0.0259
598852,40.2022,75.9028,3810.23,2824,36.6892,77.7342,6436.98,421904,0.0497
598852,40.2022,75.9028,3810.23,7798,36.6761,78.3578,6201.24,446547,0.0401
598852,40.2022,75.9028,3810.23,10034,36.6675,78.3917,6145.69,448810,0.0388
598852,40.2022,75.9028,3810.23,15546,36.6497,78.0708,6044.48,437804,0.0407
598852,40.2022,75.9028,3810.23,22809,36.6508,78.1042,5946.54,438955,0.0397
598852,40.2022,75.9028,3810.23,27874,36.6117,77.5806,5888.9,425145,0.0416
598852,40.2022,75.9028,3810.23,37355,36.6725,78.0164,5797.67,433475,0.0405
598852,40.2022,75.9028,3810.23,43663,36.7328,77.91,5744.99,423479,0.0445
598852,40.2022,75.9028,3810.23,49544,36.7169,77.9333,5701.35,425935,0.043
598852,40.2022,75.9028,3810.23,84040,36.865,77.7075,5513.46,402889,0.0526
598852,40.2022,75.9028,3810.23,135217,36.8592,77.63,5315.61,400913,0.051
598852,40.2022,75.9028,3810.23,223226,36.9122,78.1336,5038.32,414036,0.0462
598852,40.2022,75.9028,3810.23,300113,36.9525,77.8961,4823.21,400715,0.0496
598852,40.2022,75.9028,3810.23,352182,36.99,78.0194,4675.19,401728,0.0491
609205,40.1103,75.6975,3769.26,2824,36.6892,77.7342,6436.98,419741,0.0531
609205,40.1103,75.6975,3769.26,3942,36.5056,77.7195,6358.47,437899,0.0415
609205,40.1103,75.6975,3769.26,7798,36.6761,78.3578,6201.24,446681,0.0418
609205,40.1103,75.6975,3769.26,10034,36.6675,78.3917,6145.69,449042,0.0404
609205,40.1103,75.6975,3769.26,15546,36.6497,78.0708,6044.48,436839,0.043
609205,40.1103,75.6975,3769.26,22809,36.6508,78.1042,5946.54,438115,0.0418
609205,40.1103,75.6975,3769.26,37355,36.6725,78.0164,5797.67,432358,0.0429
609205,40.1103,75.6975,3769.26,84040,36.865,77.7075,5513.46,401000,0.0561
609205,40.1103,75.6975,3769.26,223226,36.9122,78.1336,5038.32,413945,0.0485
609205,40.1103,75.6975,3769.26,352182,36.99,78.0194,4675.19,401398,0.0516
625503,41.1508,73.8178,3705.18,334411,39.5414,69.3392,4726.07,419548,0.0839
625503,41.1508,73.8178,3705.18,601266,39.67,69.4508,3800.71,404679,0.0837
637099,40.6775,78.3069,3658.24,2824,36.6892,77.7342,6436.98,446252,0.0278
637099,40.6775,78.3069,3658.24,7798,36.6761,78.3578,6201.24,444957,0.0247
637099,40.6775,78.3069,3658.24,10034,36.6675,78.3917,6145.69,445952,0.0243
637099,40.6775,78.3069,3658.24,15546,36.6497,78.0708,6044.48,448339,0.0236
637099,40.6775,78.3069,3658.24,22809,36.6508,78.1042,5946.54,448093,0.023
637099,40.6775,78.3069,3658.24,27874,36.6117,77.5806,5888.9,456469,0.0222
637099,40.6775,78.3069,3658.24,37355,36.6725,78.0164,5797.67,446048,0.0233
637099,40.6775,78.3069,3658.24,43663,36.7328,77.91,5744.99,439978,0.0254
637099,40.6775,78.3069,3658.24,49544,36.7169,77.9333,5701.35,441588,0.0245
637099,40.6775,78.3069,3658.24,58930,36.7883,77.3211,5641.23,440822,0.0272
637099,40.6775,78.3069,3658.24,84040,36.865,77.7075,5513.46,427099,0.0295
637099,40.6775,78.3069,3658.24,116421,37.2483,76.4483,5382.5,413758,0.0439
637099,40.6775,78.3069,3658.24,120303,36.9447,77.7306,5368.39,418057,0.032
637099,40.6775,78.3069,3658.24,135217,36.8592,77.63,5315.61,428607,0.0282
637099,40.6775,78.3069,3658.24,140191,37.0103,77.2261,5298.15,418368,0.0346
637099,40.6775,78.3069,3658.24,144808,36.855,76.9042,5281.9,442079,0.0268
637099,40.6775,78.3069,3658.24,222924,36.9617,77.5408,5039.05,418469,0.0309
637099,40.6775,78.3069,3658.24,223226,36.9122,78.1336,5038.32,418951,0.0276
637099,40.6775,78.3069,3658.24,300113,36.9525,77.8961,4823.21,415725,0.0287
637099,40.6775,78.3069,3658.24,309797,36.9925,77.3581,4795.74,417904,0.0306
637099,40.6775,78.3069,3658.24,352182,36.99,78.0194,4675.19,410785,0.029
637099,40.6775,78.3069,3658.24,384425,36.9378,77.6536,4579.17,419666,0.027
642026,40.6728,77.623,3637.81,7798,36.6761,78.3578,6201.24,448961,0.0262
642026,40.6728,77.623,3637.81,10034,36.6675,78.3917,6145.69,450335,0.0256
645524,40.9217,79.0197,3623.96,77,38.5944,75.315,7597.78,408901,0.114
645524,40.9217,79.0197,3623.96,99,38.6167,75.1947,7497.18,415335,0.1084
645649,40.0414,75.5847,3623.48,2824,36.6892,77.7342,6436.98,417169,0.0547
645649,40.0414,75.5847,3623.48,7798,36.6761,78.3578,6201.24,445465,0.0425
645649,40.0414,75.5847,3623.48,10034,36.6675,78.3917,6145.69,447884,0.0411
645649,40.0414,75.5847,3623.48,15546,36.6497,78.0708,6044.48,434968,0.0441
645649,40.0414,75.5847,3623.48,43663,36.7328,77.91,5744.99,419987,0.0485
645649,40.0414,75.5847,3623.48,223226,36.9122,78.1336,5038.32,412629,0.0495
655736,40.6942,78.4025,3582.06,116421,37.2483,76.4483,5382.5,418725,0.0415
655736,40.6942,78.4025,3582.06,140191,37.0103,77.2261,5298.15,422095,0.033
655736,40.6942,78.4025,3582.06,222924,36.9617,77.5408,5039.05,421686,0.0296
659993,41.3281,72.6892,3564.7,542002,39.5364,68.4483,4024.79,410456,0.0735
679410,40.0533,75.6464,3484.36,2824,36.6892,77.7342,6436.98,415965,0.0533
679410,40.0533,75.6464,3484.36,7798,36.6761,78.3578,6201.24,443680,0.0417
679410,40.0533,75.6464,3484.36,10034,36.6675,78.3917,6145.69,446074,0.0402
679410,40.0533,75.6464,3484.36,15546,36.6497,78.0708,6044.48,433460,0.043
679410,40.0533,75.6464,3484.36,37355,36.6725,78.0164,5797.67,428930,0.0429
679410,40.0533,75.6464,3484.36,43663,36.7328,77.91,5744.99,418580,0.0473
679410,40.0533,75.6464,3484.36,223226,36.9122,78.1336,5038.32,410883,0.0485
714505,41.4303,73.3008,3340.32,535302,39.5994,68.8847,4049.02,425138,0.0609
730577,43.0422,75.8256,3277.73,491031,44.5656,80.5803,4211.56,417392,0.0702
765165,40.4669,77.3953,3151.31,2824,36.6892,77.7342,6436.98,421091,0.0328
785081,40.3206,78.3875,3084.68,2824,36.6892,77.7342,6436.98,407771,0.0402
785081,40.3206,78.3875,3084.68,4428,36.535,77.29,6329.83,431648,0.0318
785081,40.3206,78.3875,3084.68,7798,36.6761,78.3578,6201.24,405257,0.0355
785081,40.3206,78.3875,3084.68,10034,36.6675,78.3917,6145.69,406206,0.0346
785081,40.3206,78.3875,3084.68,12602,36.6097,76.7411,6092.83,436797,0.0317
785081,40.3206,78.3875,3084.68,15546,36.6497,78.0708,6044.48,409114,0.0346
785081,40.3206,78.3875,3084.68,22809,36.6508,78.1042,5946.54,408806,0.0339
785081,40.3206,78.3875,3084.68,23732,36.6681,76.8481,5935.42,427644,0.0339
785081,40.3206,78.3875,3084.68,37355,36.6725,78.0164,5797.67,406932,0.0342
785081,40.3206,78.3875,3084.68,43663,36.7328,77.91,5744.99,401099,0.0371
785081,40.3206,78.3875,3084.68,49544,36.7169,77.9333,5701.35,402654,0.0359
785081,40.3206,78.3875,3084.68,58930,36.7883,77.3211,5641.23,403561,0.0395
785081,40.3206,78.3875,3084.68,144808,36.855,76.9042,5281.9,406332,0.0389
816327,41.6139,72.3822,2988.6,542002,39.5364,68.4483,4024.79,404596,0.0632
941819,40.0297,78.4433,2700.79,2750,36.2944,78.7547,6443.32,416236,0.0315
941819,40.0297,78.4433,2700.79,4428,36.535,77.29,6329.83,401408,0.0434
941819,40.0297,78.4433,2700.79,4876,36.2683,78.8139,6307.91,419500,0.0297
941819,40.0297,78.4433,2700.79,5189,36.2358,79.0036,6294.09,424696,0.0287
941819,40.0297,78.4433,2700.79,5410,36.4783,76.8606,6284.57,418359,0.0382
941819,40.0297,78.4433,2700.79,12602,36.6097,76.7411,6092.83,408228,0.0431
1178735,41.6511,72.6122,2372.94,416912,39.5,68.7594,4474.13,403782,0.0605
1213511,40.08,77.9811,2336.64,12602,36.6097,76.7411,6092.83,400732,0.0396
1308239,40.0697,78.1811,2246.92,4428,36.535,77.29,6329.83,400651,0.0378
279435,43.8364,84.6028,4881.46,349,42.2111,80.1761,7053.61,402608,0.1612
547597,44.0842,82.7744,4004.59,249936,43.1186,77.34,4963.76,450475,0.0806
547597,44.0842,82.7744,4004.59,425513,42.9683,77.5328,4444.7,440341,0.0779
593168,47.0489,85.5664,3832.71,128878,43.7897,88.4111,5337.77,424940,0.0466
593168,47.0489,85.5664,3832.71,138854,43.8022,88.3355,5302.96,420686,0.0481
593168,47.0489,85.5664,3832.71,156498,43.4381,86.0855,5242.01,403551,0.038
593168,47.0489,85.5664,3832.71,200105,43.4653,86.0286,5104.91,400114,0.0383
593168,47.0489,85.5664,3832.71,394952,43.785,88.2583,4545.94,419297,0.0413
593168,47.0489,85.5664,3832.71,420913,43.2211,86.9436,4460.22,439106,0.0235
593168,47.0489,85.5664,3832.71,439723,43.3717,86.3969,4395.42,414022,0.0296
593168,47.0489,85.5664,3832.71,443630,43.4628,86.4278,4382.07,404408,0.0336
593168,47.0489,85.5664,3832.71,451686,43.2292,86.6211,4353.78,432700,0.0237
593168,47.0489,85.5664,3832.71,458913,43.8569,88.51,4328.02,422654,0.04
593168,47.0489,85.5664,3832.71,468084,43.7581,88.1642,4295.03,418307,0.0388
593168,47.0489,85.5664,3832.71,480065,43.2631,86.8736,4251.55,433242,0.0241
593168,47.0489,85.5664,3832.71,480105,43.6758,88.8778,4251.43,455546,0.0266
593168,47.0489,85.5664,3832.71,507835,43.4258,86.5297,4149.62,409860,0.0304
635063,47.8275,89.7611,3666.77,128878,43.7897,88.4111,5337.77,460993,0.0201
635063,47.8275,89.7611,3666.77,138854,43.8022,88.3355,5302.96,461004,0.0202
670041,43.4108,87.0828,3523.34,593168,47.0489,85.5664,3832.71,421583,0.0245
685629,43.3703,87.2631,3458.31,593168,47.0489,85.5664,3832.71,430065,0.0221
874328,47.46,89.5247,2838.68,128878,43.7897,88.4111,5337.77,417192,0.0292
874328,47.46,89.5247,2838.68,138854,43.8022,88.3355,5302.96,417092,0.0295
890308,43.5364,86.8764,2803.19,593168,47.0489,85.5664,3832.71,403774,0.0259
920947,41.4725,88.2547,2740.4,5962,37.9136,87.3892,6262.6,402593,0.0401
920947,41.4725,88.2547,2740.4,34886,37.795,86.8108,5819.68,427185,0.0301
920947,41.4725,88.2547,2740.4,76092,37.6844,87.6094,5550.61,424828,0.0252
920947,41.4725,88.2547,2740.4,106359,37.85,87.0956,5420.64,414831,0.0309
940779,41.4483,87.6758,2702.68,34886,37.795,86.8108,5819.68,412922,0.0321
940779,41.4483,87.6758,2702.68,76092,37.6844,87.6094,5550.61,418565,0.0245
940779,41.4483,87.6758,2702.68,106359,37.85,87.0956,5420.64,403181,0.0319
940779,41.4483,87.6758,2702.68,120683,37.8264,86.5122,5367.09,414867,0.0303
943846,41.4172,88.045,2697.4,34886,37.795,86.8108,5819.68,416403,0.033
943846,41.4172,88.045,2697.4,76092,37.6844,87.6094,5550.61,416743,0.0267
943846,41.4172,88.045,2697.4,106359,37.85,87.0956,5420.64,404892,0.0334
943846,41.4172,88.045,2697.4,120683,37.8264,86.5122,5367.09,420287,0.0304
955151,41.5594,87.2094,2676.63,5962,37.9136,87.3892,6262.6,405685,0.0336
955151,41.5594,87.2094,2676.63,34886,37.795,86.8108,5819.68,419968,0.0268
955151,41.5594,87.2094,2676.63,106359,37.85,87.0956,5420.64,412581,0.0259
987192,46.3544,84.1764,2622.29,128878,43.7897,88.4111,5337.77,437964,0.0458
987192,46.3544,84.1764,2622.29,138854,43.8022,88.3355,5302.96,432539,0.0482
987192,46.3544,84.1764,2622.29,394952,43.785,88.2583,4545.94,429292,0.042
987192,46.3544,84.1764,2622.29,468084,43.7581,88.1642,4295.03,425883,0.0406
1007148,46.6944,85.2786,2590.68,128878,43.7897,88.4111,5337.77,405476,0.0514
1007148,46.6944,85.2786,2590.68,138854,43.8022,88.3355,5302.96,400797,0.0534
1007148,46.6944,85.2786,2590.68,420913,43.2211,86.9436,4460.22,407802,0.0292
1007148,46.6944,85.2786,2590.68,448349,43.1192,87.3344,4365.67,429206,0.0227
1007148,46.6944,85.2786,2590.68,458913,43.8569,88.51,4328.02,404253,0.044
1015992,41.3967,88.3383,2577.55,34886,37.795,86.8108,5819.68,421312,0.032
1015992,41.3967,88.3383,2577.55,106359,37.85,87.0956,5420.64,408471,0.033
1034693,41.5244,87.3978,2550.34,5962,37.9136,87.3892,6262.6,401503,0.0335
1034693,41.5244,87.3978,2550.34,34886,37.795,86.8108,5819.68,417720,0.0277
1034693,41.5244,87.3978,2550.34,106359,37.85,87.0956,5420.64,409391,0.0271
1119494,41.6314,86.9325,2440.09,5962,37.9136,87.3892,6262.6,415236,0.0298
1119494,41.6314,86.9325,2440.09,49582,38.2133,88.7755,5701.1,411259,0.0372
1324579,41.4514,87.1994,2232.4,34886,37.795,86.8108,5819.68,407931,0.0283
1447310,41.3319,89.3775,2132.46,5962,37.9136,87.3892,6262.6,416469,0.0376
279492,43.0742,94.3472,4881.32,34193,39.2514,93.6964,5826.41,428548,0.0399
279492,43.0742,94.3472,4881.32,55092,39.1947,95.2942,5664.78,438601,0.036
279492,43.0742,94.3472,4881.32,83100,39.2969,93.7461,5517.55,423014,0.0398
279492,43.0742,94.3472,4881.32,93687,39.2517,93.7672,5472.13,427803,0.0372
279492,43.0742,94.3472,4881.32,119917,39.5442,96.313,5369.78,425441,0.0484
279492,43.0742,94.3472,4881.32,214509,39.2692,93.9508,5063.17,424393,0.0347
279492,43.0742,94.3472,4881.32,268365,39.1686,93.0961,4912.33,446732,0.0293
384738,42.9811,94.5933,4578.2,34193,39.2514,93.6964,5826.41,421466,0.0426
384738,42.9811,94.5933,4578.2,55092,39.1947,95.2942,5664.78,425101,0.0383
384738,42.9811,94.5933,4578.2,83100,39.2969,93.7461,5517.55,415755,0.0427
384738,42.9811,94.5933,4578.2,93687,39.2517,93.7672,5472.13,420418,0.0399
384738,42.9811,94.5933,4578.2,119917,39.5442,96.313,5369.78,408277,0.0535
384738,42.9811,94.5933,4578.2,214509,39.2692,93.9508,5063.17,416233,0.0375
384738,42.9811,94.5933,4578.2,302567,39.3644,93.6133,4816.28,410429,0.0407
463354,43.3817,93.3558,4312.23,34193,39.2514,93.6964,5826.41,460146,0.0227
463354,43.3817,93.3558,4312.23,83100,39.2969,93.7461,5517.55,455374,0.0228
544871,46.7347,91.8475,4014.3,128878,43.7897,88.4111,5337.77,423669,0.0573
586510,47.3572,90.4989,3858.37,128878,43.7897,88.4111,5337.77,428640,0.0377
586510,47.3572,90.4989,3858.37,138854,43.8022,88.3355,5302.96,429616,0.0375
646667,46.465,91.8153,3619.16,138854,43.8022,88.3355,5302.96,402634,0.0712
721208,45.1936,90.9055,3313.66,156498,43.4381,86.0855,5242.01,430201,0.0757
721208,45.1936,90.9055,3313.66,180985,43.5072,85.8539,5162.91,443175,0.0673
721208,45.1936,90.9055,3313.66,200105,43.4653,86.0286,5104.91,432807,0.0726
721208,45.1936,90.9055,3313.66,252070,43.5258,86.1203,4957.76,423124,0.0787
721208,45.1936,90.9055,3313.66,282774,43.6597,85.8247,4872.13,437931,0.0701
721208,45.1936,90.9055,3313.66,355751,43.3556,86.2294,4665.08,424602,0.0693
721208,45.1936,90.9055,3313.66,404749,43.3075,86.4297,4513.8,413514,0.0732
721208,45.1936,90.9055,3313.66,419064,43.5453,86.1794,4466.67,417898,0.0756
721208,45.1936,90.9055,3313.66,439723,43.3717,86.3969,4395.42,412044,0.0742
721208,45.1936,90.9055,3313.66,443630,43.4628,86.4278,4382.07,404756,0.0816
721208,45.1936,90.9055,3313.66,509812,43.5017,86.2703,4142.42,413723,0.0727
3325531,59.4717,-151.3025,1311.1,8578,63.0694,-151.0061,6179.93,400358,0.0261
3932080,59.4194,-151.51,1154.95,8578,63.0694,-151.0061,6179.93,406752,0.0236
4841447,59.3592,-151.7367,963.49,8578,63.0694,-151.0061,6179.93,414398,0.0207
4841447,59.3592,-151.7367,963.49,135924,62.9606,-151.3994,5313.18,400864,0.02
439284,62.9494,-151.0922,4396.96,241358,61.7317,-143.4383,4987.8,417338,0.1121
543843,63.1161,-150.675,4018.06,241358,61.7317,-143.4383,4987.8,402783,0.1159
543843,63.1161,-150.675,4018.06,506815,61.75,-143.2406,4153.35,411326,0.0936
241358,61.7317,-143.4383,4987.8,8578,63.0694,-151.0061,6179.93,416961,0.1301
241358,61.7317,-143.4383,4987.8,135924,62.9606,-151.3994,5313.18,432654,0.1019
506815,61.75,-143.2406,4153.35,8578,63.0694,-151.0061,6179.93,425655,0.1096
519667,62.0233,-143.62,4106.5,135924,62.9606,-151.3994,5313.18,412618,0.1152
552798,61.4375,-147.7517,3985.53,24100,60.5678,-140.405,5930.7,407410,0.1426
745732,61.8475,-143.6689,3221.31,8578,63.0694,-151.0061,6179.93,400696,0.122
790372,61.5972,-143.455,3067.44,8578,63.0694,-151.0061,6179.93,422521,0.0921
797688,61.6411,-143.3411,3044.33,8578,63.0694,-151.0061,6179.93,425832,0.0902
802022,61.6169,-143.3733,3030.96,8578,63.0694,-151.0061,6179.93,425452,0.0897
929865,61.7258,-143.6567,2723.21,8578,63.0694,-151.0061,6179.93,406765,0.1044
958857,61.6928,-143.5833,2670.3,8578,63.0694,-151.0061,6179.93,411819,0.0981
1345534,62.3775,-143.1,2213.86,8578,63.0694,-151.0061,6179.93,409889,0.1116
