observer_summit_id,observer_latitude,observer_longitude,observer_elevation,target_summit_id,target_latitude,target_longitude,target_elevation,distance,bearing,optimal_azimuth,sun_azimuth_offset,contrast
748465,-82.0864,159.2944,3210.92,627841,-78.2853,162.485,3695.71,426806.8781157873,9.718781969950012,9.718781969950012,0.0,0.07640248279344834
1212735,-84.9014,-170.2597,2337.48,1080359,-85.6953,-137.0,2488.42,310670.06882467144,122.3780437592916,122.3780437592916,0.0,0.16345706053893283
364939,-78.4025,-85.9783,4638.31,1527833,-81.1408,-85.4542,2074.74,304657.60875909496,178.31122472969997,178.31122472969997,0.0,0.19412997527643708
1111208,-78.86,160.7242,2449.86,2128999,-81.9836,162.2486,1733.67,348441.4596422622,176.108521291958,176.108521291958,0.0,0.10423121201818134
915253,-78.6819,160.9283,2751.68,2165249,-81.9044,161.9528,1716.95,358825.86650870135,177.4362986973954,177.4362986973954,0.0,0.09726306305494253
975905,-79.2447,159.4933,2640.71,2251918,-82.1292,163.0014,1678.87,326747.92538222583,170.59263342824653,170.59263342824653,0.0,0.12916537459406002
752782,-73.4425,-126.7508,3195.14,652837,-75.7975,-115.8133,3593.64,414402.2666921633,134.25873791679055,134.25873791679055,0.0,0.08493871261658002
5607587,-71.6594,-73.8183,824.83,861431,-69.0789,-70.8594,2869.2,307406.10165518464,22.46758527404149,22.46758527404149,0.0,0.15371286389199418
1146489,-70.6678,159.7458,2408.73,702145,-73.1581,164.6042,3389.6,323518.6908728529,151.08980530929722,151.08980530929722,0.0,0.16910147350259888
682580,-73.4211,166.3017,3471.06,604430,-77.5297,167.1667,3788.36,457479.1920217683,177.39577481429478,177.39577481429478,0.0,0.057768386824933335
548511,-78.0603,162.6883,4001.3,701911,-73.9264,163.0058,3390.58,459746.20910582715,1.2193249163777968,1.2193249163777968,0.0,0.05614601404723739
602117,-78.1875,162.54,3797.29,923748,-74.5508,162.5958,2735.01,404384.9967903589,0.23434048117764228,0.23434048117764228,0.0,0.08595690532980033
620682,-78.1603,162.4825,3723.96,928816,-74.35,164.6908,2725.1,427608.44864052586,8.915997057001743,8.915997057001743,0.0,0.06652701130812413
809999,-81.4461,158.1819,3007.03,950939,-78.3722,165.0167,2684.59,366241.1208572432,24.675967122488913,24.675967122488913,0.0,0.1115297375785656
1233325,-70.5281,-69.0492,2317.02,1319132,-67.2175,-68.1733,2236.96,369782.0255810548,5.856972718793307,5.856972718793307,0.0,0.09108567213591913
1264688,-70.2903,-69.2525,2286.57,1555960,-67.1036,-67.9933,2055.09,357957.8435330199,8.757486612974724,8.757486612974724,0.0,0.09875401846055987
1032158,-69.5825,-70.4256,2553.63,1580012,-67.1439,-67.0833,2039.18,303717.846195292,28.372444213947798,28.372444213947798,0.0,0.16509671419154054
2165670,-69.1689,-64.0511,1716.77,2327461,-66.4106,-64.0106,1647.48,306713.5284969336,0.3367864099527703,0.3367864099527703,0.0,0.14017258434898247
1964541,-68.955,-64.4261,1814.42,2373801,-66.165,-63.5833,1628.35,312281.76265507826,6.967996603002213,6.967996603002213,0.0,0.1341920642340785
1067648,-69.635,-69.8017,2504.76,3015047,-66.8211,-67.3844,1401.69,328328.8600843728,18.80064805658442,18.80064805658442,0.0,0.11974069444077597
937810,-70.0317,-69.5817,2708.54,3958525,-67.12,-67.5944,1148.75,333632.0215199819,14.926821249053276,14.926821249053276,0.0,0.11134029203649963
1026108,-69.5469,-70.6428,2562.9,4644278,-67.1011,-67.4833,1001.62,301240.85261847265,26.983364130529566,26.983364130529566,0.0,0.14399883310351033
679228,-49.3211,-73.4164,3485.1,542586,-46.5958,-73.3444,4022.63,303086.77230952034,1.0404140566791138,52.39065823753412,51.350244180855015,0.13703833726303238
1005268,-42.225,173.6172,2593.65,905056,-39.2894,175.5628,2772.37,365222.0868314263,27.298078810715655,57.50807237155715,30.209993560841497,0.0769356624540716
1322379,-42.0806,172.5789,2234.36,1079307,-39.2964,174.0633,2489.8,333915.12524029764,22.499117735680443,57.59118942406518,35.09207168838475,0.0886917728829953
2006853,-41.2178,172.6817,1792.83,1280980,-39.1583,175.6347,2271.57,339615.7419142155,48.56656412374662,58.07381757223348,9.507253448486864,0.1110864959138045
2066694,-44.0042,169.0075,1763.1,2800157,-42.0367,171.5756,1470.38,302376.0008635847,44.54255990192086,56.42484983894513,11.882289937024268,0.13501859462533297
1628613,-44.0672,168.9745,2007.34,2892604,-42.0997,171.5392,1440.0,302037.6311596884,44.47511330984427,56.38438554884316,11.90927223899888,0.1381810380375399
637135,-43.5953,170.1419,3658.09,3385852,-40.9858,172.2461,1294.42,337834.9134347825,31.529240607617233,56.68385287269435,25.154612265077105,0.09832569730973244
1011692,-34.8811,-70.7492,2584.0,687777,-32.0778,-70.6456,3449.28,311860.57703603065,1.7943299863966045,60.99365040077093,59.19932041437433,0.09094190811648371
2952674,-36.0,-71.4914,1421.0,183276,-33.1864,-70.2433,5155.56,333055.1149659325,20.417649586612264,60.54803974879425,40.13039016218198,0.11186924305212397
3061985,-37.7056,-73.1139,1387.32,1081379,-35.4647,-70.9103,2486.94,317467.0329185489,38.956929031160136,59.815303038325496,20.858374007165366,0.11897210661671026
5008267,-37.3439,-73.12,932.15,523654,-35.2728,-70.5819,4091.53,323638.311273617,45.3988934091216,59.976359985505866,14.577466576384268,0.1483202535324968
5156736,-36.3164,-72.4711,904.71,11824,-33.735,-69.8781,6107.98,371635.28291993344,40.191412295287265,60.41713124589782,20.225718950610542,0.11966533216258596
5682878,-35.7206,-72.2175,812.11,15288,-33.1036,-70.0658,6048.38,351600.4663914211,34.76313425677295,60.66181396705666,25.898679710283716,0.12782596613883043
7225823,-36.8942,-72.6525,588.57,289780,-34.6108,-70.2975,4852.28,331076.59804729884,40.62323060667241,60.17226836731383,19.549037760641426,0.13949713014995543
7443344,-36.7992,-72.5906,561.49,395223,-34.5508,-70.3258,4545.05,323017.74125725235,39.95824730571911,60.21305133862308,20.254804032903962,0.14151421048842433
498244,-31.6725,-69.07,4184.86,488479,-28.16,-67.8572,4220.82,407677.1583626193,16.96672365892242,62.13422447754747,45.16750081862506,0.06173385753949577
649270,-31.8039,-68.9942,3608.59,300872,-28.1181,-67.915,4820.96,422814.08782663377,14.50643445776636,62.09121446710879,47.58478000934244,0.05014436889299295
738882,-32.2089,-69.0142,3246.52,449186,-28.7944,-67.8961,4362.68,394488.41805018065,16.0425244046465,61.95675559965731,45.914231195010814,0.06149876169450026
816264,-32.2653,-68.9967,2988.8,360162,-29.0072,-67.7236,4652.53,382200.5971497465,18.91063675789553,61.937801756253855,43.02716499835833,0.07524048932560952
33998,-27.7956,-68.6239,5828.12,820092,-31.1642,-67.91,2977.95,380888.65695228893,169.7212188006922,116.72272202281708,52.99849677787512,0.07343937753841913
92943,-33.0444,-69.6389,5475.24,856744,-35.6972,-68.5072,2880.89,312722.99431941163,160.91911594264963,118.32988340158754,42.589232541062074,0.15192683665122383
506,-32.6533,-70.0117,6915.52,898305,-31.9878,-64.9364,2786.06,482570.1538876158,82.54319001521353,82.54319001521353,0.0,0.059030264552217784
233713,-34.3986,-69.5797,5009.09,919022,-31.0575,-67.4592,2744.52,421118.7746251644,28.678023404231556,61.17777886267859,32.499755458447055,0.057734950255810484
263886,-34.9186,-69.9942,4924.76,1332911,-33.0622,-66.2069,2224.75,405575.1185377046,60.47863210371581,60.979141434648085,0.5005093309322888,0.08836087396157437
392501,-34.7433,-69.8717,4553.65,1478892,-32.8381,-66.2192,2109.07,398460.98264687386,58.91198807915021,61.046718544375494,2.1347304652252888,0.08829902228099011
41239,-33.0606,-69.5594,5764.3,1496382,-30.6581,-67.7497,2096.36,317125.057694892,33.09195675874757,61.664432805849785,28.572476047102214,0.16074244258506046
1815272,-30.7433,-66.5753,1895.77,84002,-27.3239,-66.1886,5513.65,382072.8733104356,5.7417031951265,62.42999346312109,56.6882902679946,0.055316926401773533
13299,-33.45,-69.7025,6079.92,2114475,-30.8486,-66.5519,1740.24,414261.17394963524,46.56706898578472,61.52633672492221,14.959267739137488,0.07734386076216894
19311,-33.5158,-69.8356,5990.22,2265805,-31.0992,-66.6319,1673.16,403514.55789976544,49.11778996281448,61.50271949638365,12.384929533569164,0.08608869173503869
530554,-28.7847,-67.0736,4066.04,3149534,-31.5358,-65.3356,1361.27,348552.72250262345,151.78818096823267,116.99231177937884,34.79586918885383,0.08045510997769448
77258,-27.2133,-66.0939,5545.09,3890030,-30.4197,-64.2725,1165.07,398233.3411022571,153.9743396299591,116.57058881265476,37.40375081730434,0.05279230678991518
889844,-42.0089,173.6375,2804.29,2172529,-39.2489,175.85,1713.65,359200.48647390306,32.0422121523919,57.632205676864,25.589993524472106,0.075137661894841
1397023,-42.0094,172.8214,2171.59,3046618,-39.2381,174.0144,1392.04,324176.2223550601,18.484934038257226,57.6319202315913,39.14698619333407,0.07426792102399578
791878,-24.5892,-70.1917,3062.97,11698,-21.8828,-68.3433,6110.1,355276.51075622154,32.48077788506406,64.0580857099713,31.577307824907223,0.15139590049305332
919565,-24.9953,-70.2178,2743.28,30074,-28.3942,-69.63,5866.19,382422.4164342025,171.34769709308597,116.03335239067928,55.314344702406686,0.07032875547678327
995289,-24.3692,-70.3314,2609.57,47766,-21.6089,-68.4469,5714.01,362501.43911118404,32.522075957260526,64.10676044923025,31.58468449196971,0.12711206614153217
1441905,-24.1447,-70.3956,2136.72,15903,-21.5383,-68.5225,6039.07,347602.9679429475,33.88476052751715,64.15581419714086,30.27105366962371,0.14597906450258294
556,-27.1097,-68.5414,6886.62,4151,-24.9322,-66.3903,6345.32,323753.5023316548,42.07373063658933,63.45597980975771,21.38224917316836,0.2955078274130991
3641,-32.0828,-70.0181,6377.33,12222,-29.0139,-67.8264,6100.21,400593.6938962168,32.15654537314144,61.998929219102436,29.842383845960995,0.15719173133776898
1325,-27.0336,-68.2967,6619.66,14787,-24.7667,-66.4119,6056.59,314758.3587125912,37.20997206634656,63.47540115089372,26.26542908454715,0.2853952947558305
62550,-21.185,-68.6042,5620.36,880,-24.72,-68.5367,6731.72,393134.608018498,179.00567965452584,115.25325758279084,63.752422071735,0.09941634052213878
39696,-19.7436,-68.8117,5777.04,86094,-20.9186,-66.0361,5504.51,317520.8642174239,114.77486522414189,114.77486522414189,0.0,0.2881627852995477
89766,-25.3739,-68.8833,5488.77,9872,-21.8878,-68.3914,6149.33,390860.3786800304,7.465653420173021,63.879519568698825,56.41386614852581,0.10221311809982395
57721,-21.4067,-68.5017,5648.87,124331,-24.6417,-68.4483,5354.02,359756.9095454186,179.13996048116434,115.29405897554702,63.84590150561732,0.10948756567494063
195212,-27.115,-65.9847,5119.17,99246,-24.2297,-65.6972,5448.82,322121.30430831166,5.194634038254942,63.45462422010781,58.25999018185287,0.153873212500061
242989,-26.9892,-65.9164,4983.15,230708,-23.63,-65.285,5017.37,378877.21371958463,9.780019545228631,63.486695426089284,53.706675880860644,0.09301752108243178
206583,-32.9139,-69.5864,5085.74,250872,-29.5869,-69.0297,4961.1,373709.106846669,8.286587795282792,61.71572569666225,53.42913790137945,0.09863169789118884
275584,-25.1653,-69.2469,4892.04,75624,-22.3469,-67.9328,5552.96,340727.0288338785,23.378175787569692,63.92775152946466,40.549575741894955,0.1685525858232687
29348,-31.6258,-69.8769,5873.54,322248,-28.5889,-67.8533,4760.36,389750.42482526606,30.474100688140922,62.14943860400046,31.67533791585953,0.12959284429272847
330941,-26.6147,-65.7211,4735.97,185865,-23.22,-65.0719,5147.5,383105.80948316806,9.977722171878492,63.5808829105217,53.60316073864321,0.0881374743971818
19730,-19.7525,-68.6967,5984.44,355162,-21.4275,-66.3331,4666.69,308567.4756473533,127.53736360132437,115.00245630400032,12.534907297324054,0.2717377861929071
373215,-17.4256,-65.5281,4614.01,386843,-20.0656,-64.7508,4571.53,304748.33787861484,164.54420077465136,114.64044327146368,49.90375750318768,0.16794061433222993
392781,-25.2853,-69.1786,4552.7,20505,-22.7189,-67.8903,5974.78,313938.5360696718,24.900099994853367,63.90007357874657,38.99997358389322,0.2125206710525573
135673,-32.2372,-69.6194,5314.09,446072,-29.1217,-69.1761,4373.61,349010.5949577128,7.090800166074829,61.947252129106495,54.856451963031674,0.11381469999429833
106406,-26.1492,-66.2303,5420.47,993989,-23.5619,-64.7636,2611.71,323512.97641992534,27.531712700545196,63.695308719192084,36.1635960186469,0.14486267217902124
1003290,-24.2061,-64.5142,2596.93,671273,-21.3117,-64.3564,3518.14,322248.7840682229,2.908919957143446,64.14245972820999,61.233539771066546,0.0798538280595141
1250177,-24.7322,-64.7694,2300.29,682588,-21.9258,-64.5792,3471.04,312660.8118243772,3.5991200230520466,64.02612387328233,60.42700385023028,0.08500679440546284
1683035,-22.1953,-69.7581,1973.5,151950,-19.4961,-69.1022,5257.48,307777.0465133894,12.912423246179003,64.55637006905714,51.64394682287815,0.12760003693924946
36214,-17.0256,-70.3722,5807.67,2117913,-20.0486,-69.8933,1738.63,339911.46705626725,171.53317151907123,114.58363231152525,56.94953920754597,0.08378934515345683
2567788,-20.3981,-69.8078,1553.06,38310,-17.6756,-69.8058,5789.15,302728.1182166193,0.040118593306834816,64.8872327310487,64.84711413774187,0.1099579343383509
185771,-23.4372,-65.5264,5147.82,3372976,-26.1556,-64.72,1297.91,313037.44256123836,165.09561441928554,115.69360904337492,49.40200537591062,0.10441490181136846
97217,-14.4453,-70.9628,5457.56,7883,-15.8161,-68.5436,6199.25,301100.0782886659,120.72367690878463,114.25350577070674,6.4701711380778875,0.3265369029523923
131483,-15.2169,-70.8275,5328.7,14161,-16.2625,-68.1539,6065.88,308855.59557128727,112.47161997914648,112.47161997914648,0.0,0.31088905286215157
143628,-11.8206,-75.0908,5286.07,6995,-13.3333,-72.5436,6225.69,323582.5625766722,121.59165289705322,113.97931779931984,7.612335097733364,0.2881373112861861
79967,-11.9089,-75.0531,5532.02,144467,-13.3242,-72.3819,5283.19,329810.5397455342,118.78645030518288,113.9875708156349,4.798879489547971,0.25804856542603644
156828,-11.8703,-74.8711,5240.94,95844,-13.2317,-72.0581,5463.21,340776.0229636707,116.67354936564811,113.98395487101644,2.6895944946316774,0.2435446802727322
160423,-11.8961,-74.8503,5229.31,49987,-13.2136,-71.9883,5698.24,343434.4961154509,115.55554534525206,113.98637033868324,1.5691750065687984,0.2464000031111446
250220,-11.5314,-75.0011,4962.97,174047,-13.5575,-72.9317,5184.94,318121.6623104478,135.30658147167426,113.95275148463607,21.353829987038182,0.23896339162290187
644174,-10.4306,-75.4225,3629.09,56167,-13.2317,-73.0911,5658.39,401718.26726164896,141.06500015729577,113.85807216414848,27.206927993147303,0.10942446270535526
345645,-10.14,-76.055,4693.96,684404,-11.805,-73.5781,3463.69,327685.4499718952,124.63125827660612,113.83476261885019,10.79649565775594,0.19331317065818102
749690,-16.6206,-71.5411,3206.68,71708,-18.9158,-69.1519,5572.32,359344.4475073555,135.60892035702963,114.52768244843827,21.081237908591362,0.16153543192284767
1467290,-10.7158,-74.1425,2117.46,151172,-13.1881,-72.1394,5260.09,350782.4617232177,141.80026684526553,113.88162950721673,27.918637338048796,0.13176565567531281
1100590,-8.3161,-76.0022,2463.21,1484663,-10.8328,-74.735,2104.67,312433.37000338867,153.69812895748956,113.70424566164938,39.99388329584019,0.09864809836199051
1546850,-10.2397,-74.2339,2061.52,142755,-13.1697,-72.4086,5289.3,381622.1244091151,148.7964596262594,113.84268103110657,34.95377859515284,0.08537104073850016
2037626,-17.7336,-71.0822,1777.36,158945,-20.1164,-69.0083,5234.3,343186.609802416,140.8662115740128,114.68524974984022,26.180961824172584,0.1384420936149482
2286235,-16.7439,-72.1322,1664.49,33307,-18.1128,-69.5078,5834.67,317305.36757200985,119.05387395506972,114.54454974078513,4.5093242142845895,0.2258919080929346
43432,-18.0417,-69.0742,5746.82,97245,-19.8025,-66.4792,5457.42,335903.2862348482,126.06696908011817,114.73100435485513,11.33596472526304,0.2511630661885246
3254,-16.6542,-67.7844,6404.52,172412,-19.4014,-66.5761,5190.2,331109.2388024073,157.48784274040466,114.53226450447349,42.95557823593117,0.19372429122582926
18017,-22.2644,-67.1869,6007.51,190967,-19.5167,-66.2403,5131.93,320961.54094148433,18.012074479548733,64.54292973777221,46.53085525822348,0.19060551867143066
1791,-18.1083,-68.8828,6544.06,195661,-19.9797,-66.6228,5117.92,315788.13379277784,131.5821537809505,114.74101839021793,16.841135390732575,0.2758525059902301
34832,-21.75,-67.8392,5820.34,271084,-19.3211,-66.5828,4904.73,300093.3404730798,26.06860315250346,64.64168574834335,38.57308259583988,0.2317270056675054
218507,-15.3411,-68.8406,5051.72,275385,-16.9406,-66.5267,4892.65,304485.0375113872,126.05682184746007,114.36111405992604,11.695707787534047,0.27073366702773205
35298,-14.9967,-69.0592,5816.17,292671,-17.0914,-66.5178,4843.98,357768.30179471074,130.9626659788357,114.31887695706617,16.64378902176952,0.19747889493475176
13607,-16.195,-71.5319,6074.93,348762,-19.1361,-69.3172,4684.93,402487.90980104485,144.67007010359836,114.47057112716271,30.19949897643565,0.12045533166188852
88480,-16.1992,-71.5669,5494.2,380952,-19.0672,-69.3994,4590.13,392994.3714451804,144.55924777297867,114.4711263556697,30.08812141730897,0.12032016216056796
384312,-15.3233,-68.6544,4579.5,394997,-17.2672,-66.6683,4545.85,302734.43914579146,135.83374515420616,114.35890437135475,21.474840782851402,0.23830955515318358
290589,-14.8939,-68.9294,4849.95,457231,-17.0167,-66.8586,4333.95,323610.7992834699,137.11462664723405,114.30648000143628,22.808146645797763,0.2037864396610692
15800,-14.6564,-69.2297,6040.66,560449,-16.6553,-66.6608,3957.16,353617.6322365484,129.28213519049618,114.27820698388834,15.003928206607839,0.18622458028278346
32299,-14.8869,-69.1128,5844.22,628848,-16.6783,-66.5422,3691.69,339600.91207467596,126.25536092079014,114.30563935519788,11.949721565592256,0.19884067104083292
811808,-14.3736,-68.9847,3001.82,435245,-16.5697,-67.0119,4411.2,322987.48500538134,139.3737375520313,114.24520749593927,25.128530056092018,0.17028091827001418
45138,-14.8492,-69.1556,5733.64,1030318,-16.4106,-66.51,2556.21,332257.43986310996,121.85318158230196,114.30111954904964,7.552062033252298,0.18171268051825049
1084018,-14.4139,-68.6625,2483.37,76940,-17.0589,-67.24,5546.58,331171.6961142063,152.82133905623306,114.24986596086178,38.57147309537129,0.14270593080572888
1183648,-14.0775,-68.6578,2368.07,110235,-16.8453,-67.4808,5405.73,332606.15387954004,157.86761778397045,114.21142712247044,43.656190661500005,0.12489406514651524
353598,-17.3339,-65.6861,4671.24,5243590,-16.2439,-62.6228,888.9,347890.61041994754,70.05879967241644,70.05879967241644,0.0,0.11408496990336262
1901649,-18.4444,34.0439,1847.73,985449,-15.9017,35.7072,2625.12,333402.1863304348,32.25425535249502,65.20777045014759,32.95351509765257,0.0897592547079529
2820969,-18.5253,34.1211,1463.47,814931,-15.9494,35.5931,2992.36,326302.2399360447,28.846537602478552,65.19527478638476,36.34873718390622,0.09153799575639233
2432882,-4.2369,-80.6819,1604.91,403958,-1.3517,-78.9347,4516.21,374929.3146269637,31.215034669874953,66.49190685712499,35.276872187250035,0.0735137557505748
2835830,-4.2483,-80.7167,1458.43,5965,-1.4689,-78.8178,6262.51,374137.39024689567,34.36028919689063,66.49153899716914,32.13124980027851,0.10403190962845482
3373281,-4.3714,-80.8181,1297.83,632050,-6.9761,-79.0717,3678.73,348166.53163885226,146.37098824103845,113.51249687131133,32.85849136972712,0.08484085081088376
5422428,-1.8242,-80.5594,856.93,404634,0.4828,-78.3303,4514.17,356687.49463788106,44.03277158757744,66.54740339751116,22.514631809933718,0.10200622962718812
7300274,-4.0164,-80.7272,579.2,451459,-1.92,-78.8536,4354.62,312444.98931616184,41.802309586341266,66.49882570743033,24.696516121089076,0.14187091486144637
8232974,-5.9336,-81.0289,470.33,465387,-7.8581,-78.6533,4304.64,338464.9268316663,129.3522446328838,113.57387706623419,15.77836756664962,0.12446418702876307
509917,-9.9128,-75.8019,4142.05,503632,-12.3756,-73.6181,4164.93,362969.13956956926,139.1824122907466,113.81702407256644,25.365388218180158,0.13329689126275443
560558,-4.7792,-79.4406,3956.72,477038,-6.9533,-77.7436,4262.56,306060.36850747385,142.25495222883683,113.52669981929664,28.728252409540175,0.19858129000847616
568859,-5.0561,-79.4825,3925.5,351321,-7.1203,-77.6886,4677.63,303348.9354041585,139.25931058449495,113.5370748544288,25.72223573006616,0.2196461073322333
580827,-4.7183,-79.4136,3880.31,520987,-7.1194,-77.7883,4101.51,321858.6419857898,146.1281329626808,113.5244973881979,32.603635574482894,0.16264029593371312
582411,-2.9072,-78.59,3873.99,571262,-6.0447,-77.5606,3916.61,367058.4516533709,161.924951659646,113.47201643175755,48.452935227888474,0.08067336125989694
605872,-2.825,-78.5664,3782.53,549209,-6.0233,-77.5981,3998.65,371479.1278200789,163.2383570807315,113.47022950770135,49.76812757303014,0.07524561792828861
600348,-2.9133,-78.6314,3804.39,610712,-5.9556,-77.5697,3763.36,358175.05917110055,160.85390279552655,113.4721510903874,47.38175170513915,0.08679540178477432
602984,-3.3464,-78.9431,3794.03,639406,-6.1219,-77.6861,3648.92,338594.7448615531,155.75706731562246,113.48243727921916,42.27463003640332,0.11235688601799125
471831,-2.4156,-78.4625,4281.37,657501,-5.4792,-78.2625,3574.97,341378.14789570495,176.28015445941165,113.46209593952003,62.81805851989162,0.08313172181296953
136857,-2.0047,-78.3417,5310.01,658840,-5.8453,-78.03,3569.36,428452.09362579294,175.3807255227486,113.45521422093003,61.925511301818574,0.038013940642288746
783147,-6.4281,-77.2983,3090.7,668989,-9.6767,-75.9411,3527.66,390905.5076047141,157.61848002578057,113.59725773429483,44.02122229148574,0.05493125826159224
822269,-6.4725,-77.1742,2971.35,532762,-9.57,-76.1697,4058.18,361744.5189101437,162.26473683818855,113.5994506292696,48.66528620891896,0.07553823660644596
1008008,-6.4006,-77.0433,2589.44,745154,-9.0975,-76.3681,3223.24,308969.4998545428,166.11173814222354,113.59590726983555,52.515830872387994,0.10087675457718867
1213413,-9.2242,-75.6458,2336.77,629599,-11.5489,-73.7086,3688.76,334222.19303258986,140.83007562398575,113.76584742159116,27.064228202394588,0.12571962934147346
1234728,-5.8981,-76.775,2315.44,541831,-8.7861,-76.5661,4025.46,321955.93994873646,175.90950461042934,113.57227202994258,62.337232580486756,0.08168860880656888
1235151,-8.2672,-75.7817,2315.02,289891,-11.6897,-74.705,4851.96,398406.98331304855,162.87559479240744,113.70111696621296,49.174477826194476,0.05075003366310689
512330,-3.1094,-78.68,4133.12,1316555,-5.8189,-76.8242,2239.24,364811.85363644635,145.7403904765937,113.47663118941225,32.26375928718144,0.08443715535575103
2155501,-6.9039,-75.6256,1721.52,1460526,-9.4778,-74.5778,2122.76,308560.63694648456,158.12626439590557,113.62156304051491,44.50470135539064,0.08562370710014391
380986,-2.2386,-78.5394,4590.05,2273071,-4.8392,-77.7958,1670.01,300717.0524118938,164.09329427431595,113.45897426044549,50.63432001387048,0.11473994429678111
2302401,-6.7747,-75.66,1657.8,1107545,-9.4517,-74.6783,2454.28,316674.8407651691,160.11394295043362,113.61478712311443,46.499155827319214,0.07903052029024517
2881355,-2.6569,-77.8633,1443.55,703013,-5.7572,-77.7886,3385.89,344836.95848097105,178.62604783721585,113.46673548086058,65.15931235635526,0.04576731206880025
242429,-10.5022,-76.0122,4984.77,4881721,-7.9858,-73.9047,955.8,363020.9973897004,39.75290447059343,66.13607727082788,26.383172800234462,0.08279968021551681
658900,-9.7292,-75.9253,3569.13,5785408,-7.1661,-74.9872,795.03,303102.77673542034,19.972698672978918,66.19700034061087,46.22430166763195,0.09114816637272463
64785,-10.53,-75.9325,5607.78,6712058,-7.9633,-73.7825,656.02,370301.82115574117,39.761267442723536,66.13379421278901,26.372526770065463,0.0783154480498912
6889365,-0.4531,-79.8806,632.23,576538,-3.1414,-79.5364,3896.54,301362.5674566132,172.71202325653252,113.4407767925805,59.271246463952025,0.08049488927432011
932310,-5.1367,29.0536,2718.65,830279,-2.4411,29.2503,2949.02,300530.2296118302,4.1713175197020265,66.45979383733516,62.288476317633126,0.09207678923199437
743039,-3.47,29.0092,3231.14,1085798,-6.1392,29.7983,2481.21,309410.09980793,163.61681009936873,113.48563547205536,50.131174627313385,0.1014728476791893
399115,-3.2433,36.7492,4532.66,577848,-0.0878,37.4689,3891.69,359876.1528418264,12.855076607362518,66.5201411897087,53.665064582346176,0.08722728450765613
746497,-3.2753,35.4389,3218.17,583416,-0.6267,36.7078,3870.19,326523.80992491264,25.609864861372724,66.51934957660086,40.90948471522813,0.12354059123675855
974280,-7.17,37.6697,2643.55,1099511,-4.2678,37.9317,2464.68,324008.8179269999,5.146545541053106,66.36406672235597,61.21752118130286,0.0659293269786126
1331597,-7.4944,31.3678,2225.89,827871,-9.1347,33.6683,2955.69,311976.9161562744,125.93805156566704,113.65420903737389,12.28384252829315,0.16250032413057322
182242,-0.1525,37.3089,5158.88,1564600,-3.4044,38.3281,2049.53,378917.51734115323,162.6192077248353,113.44008799246116,49.17911973237415,0.06037667591157412
993553,-7.245,107.7083,2612.31,845511,-7.5403,110.4464,2909.2,303711.312696429,96.38167479953843,96.38167479953843,0.0,0.18758754099615438
1004837,-7.1972,109.9322,2594.42,937520,-7.9828,112.9772,2709.07,346800.47828205896,104.78683816968497,104.78683816968497,0.0,0.12759638485420527
1468759,-5.0089,104.5761,2116.37,1349176,-6.7156,106.7336,2210.92,304899.41028237826,128.59805763877876,113.53526445999321,15.06279317878554,0.1490878109050388
2054700,-5.2667,104.5642,1769.29,827730,-6.7897,106.9836,2956.04,316624.4854665139,122.45607303728605,113.5453626009197,8.910710436366344,0.15333867440672702
1487914,-5.4269,104.6747,2102.36,3384747,-6.5908,107.2206,1294.73,309852.9129066003,114.81719982487292,113.55189701219193,1.265302812681,0.13366388285633668
3439568,-5.7783,105.6347,1279.97,791422,-6.8931,108.407,3064.32,330504.4766692977,112.17666809094979,112.17666809094979,0.0,0.13550493770007205
3524498,-5.2008,104.1867,1257.4,1756629,-6.7106,106.4514,1929.5,301517.24606084515,123.94663786452409,113.5427323306921,10.403905533831988,0.14054490175836956
766796,-7.3014,109.9961,3145.68,905357,-7.9044,112.9511,2771.79,332520.32747702464,101.82596412237639,101.82596412237639,0.0,0.15371246858866194
894450,-8.0628,114.2619,2794.51,936308,-8.2469,117.9581,2711.01,407355.6945880535,93.14174697932799,93.14174697932799,0.0,0.07205181539914575
1166722,-7.2292,109.9228,2385.96,2330054,-7.6156,112.62,1646.44,300488.3134819554,98.3933929388011,98.3933929388011,0.0,0.1576063304750521
2461436,-6.6167,110.8903,1593.68,909929,-7.9692,113.6708,2762.23,341559.4225160513,116.29445160804825,113.60667924628682,2.687772361761432,0.12032226552555096
2709319,-6.63,110.8592,1501.82,785796,-7.9642,113.5664,3082.18,333407.086339325,116.58805953883217,113.60735418387281,2.9807053549593547,0.13514782182783847
769379,-7.4542,110.4397,3136.82,6766246,-5.7897,112.6528,648.7,306601.15538273455,53.00034791439734,66.34810097292599,13.347753058528667,0.12885705088961977
1359491,-8.8781,120.9544,2202.06,1146265,-9.5606,124.2275,2408.97,367175.34568133485,102.18723241746838,102.18723241746838,0.0,0.09522171137796143
1465776,-8.8169,121.1906,2118.64,1289939,-9.5264,124.2381,2263.16,343707.5675624466,103.50937955230796,103.50937955230796,0.0,0.11538886356500715
1518447,-0.7369,127.5244,2080.78,899149,-3.1669,129.51,2784.5,348846.1738797678,140.7922826459335,113.44205473005889,27.350227915874626,0.08979997875956311
988145,0.6486,120.1675,2620.6,2197975,-0.975,122.5572,1702.31,321241.86773104826,124.19156841190062,113.44159178367059,10.74997662823003,0.1301674849861169
2240985,-8.6756,122.4542,1683.68,1080333,-8.8736,125.5381,2488.47,339613.71237858204,93.9513632697424,93.9513632697424,0.0,0.118585318468641
858796,0.5775,120.2053,2875.64,2581962,-0.6811,123.1106,1547.82,352059.4737577543,113.41908376754138,113.41908376754138,0.0,0.10219049829742993
965471,-3.2564,119.9961,2658.82,3234475,-5.3311,121.9558,1336.78,316912.2234800591,136.78217762917438,113.48018193166685,23.30199569750755,0.11106739793664598
857505,-2.7583,119.6867,2879.11,4317916,-4.7583,121.9367,1068.08,334329.3108179231,131.7634567401552,113.46881736712646,18.29463937302873,0.09773795394960463
790637,-2.7481,119.3683,3066.68,5500382,-4.2969,121.7722,843.34,317545.4727292855,122.91172217477015,113.46860440481952,9.443117769950618,0.12317948958867424
980150,-1.3103,133.8256,2633.9,610573,-3.6336,136.9231,3763.94,430268.9541573794,126.95581928159996,113.4464975728841,13.509321708715845,0.06132982274788263
1334598,-2.5708,138.6739,2223.42,560179,-4.8961,140.9042,3958.24,357893.38528571476,136.32250661574741,113.46502917455784,22.857477441189587,0.11077449824564826
2281327,-3.915,133.0111,1666.5,1175274,-1.0364,133.3594,2376.89,322415.2641488301,6.9009277852868145,66.50188220564104,59.60095442035423,0.05749923115963061
1106636,-0.6522,132.3153,2455.37,2294041,-3.3419,133.8586,1661.33,344756.6534639586,150.19175351484313,113.44160950389747,36.75014401094566,0.06741214027296123
801765,-3.1733,129.4556,3031.82,2848309,-2.9756,132.5714,1454.4,346659.756458449,86.44865676556647,86.44865676556647,0.0,0.10770408942315399
3021456,-1.7622,136.2342,1399.66,565590,-3.8472,137.9544,3938.1,300409.3581333626,140.54828258329013,113.45175453002824,27.096528053261892,0.15816394943720305
3740300,-1.7144,136.0722,1201.99,517264,-3.9569,137.7483,4115.19,311164.52762434806,143.29606706327502,113.45112522988993,29.844941833385093,0.13773905765408537
5500036,-1.7056,135.9267,843.38,510791,-3.8519,137.7286,4138.85,311453.5343130911,140.05817658540286,113.45101126477367,26.60716532062918,0.1390419489526596
6013925,-5.4203,133.1139,758.16,739476,-4.0992,135.7411,3244.28,326080.61511770135,63.33829560851068,66.4483761261911,3.1100805176804442,0.13626524317582372
7766884,-1.6361,135.5956,522.57,633974,-3.7464,137.4583,3671.19,312830.79263098753,138.63709841333514,113.45013183872781,25.18696657460731,0.1257326651849993
8573153,-1.4997,135.1897,434.03,457469,-3.9656,136.8795,4333.11,332269.0640524072,145.64513192672803,113.44851238222229,32.19661954450572,0.09949750081264393
601098,-4.5792,140.4186,3801.44,593269,-5.5078,143.0481,3832.27,309013.09795435483,109.63265588362387,109.63265588362387,0.0,0.22260776021118567
648601,-6.2306,146.7803,3611.44,642607,-9.7061,148.9825,3635.42,456224.7532484274,148.03660503648848,113.58769038787568,34.4489146486128,0.033692876042536735
536019,-6.2364,146.9605,4046.47,700147,-9.2908,147.9706,3397.84,357397.5495532561,161.92328438940226,113.58796700267195,48.33531738673031,0.08376350574903009
519403,-6.3108,147.09,4107.42,813785,-9.8361,149.2897,2995.69,460746.5756507458,148.43997177219896,113.59153863939798,34.84843313280098,0.029745535334526882
424611,-4.7039,140.1178,4447.74,967635,-6.1481,142.7558,2654.76,333253.5916710584,118.92730675667492,113.52398079748504,5.4033259591898855,0.1666891724021367
742508,-4.2822,137.445,3233.16,988496,-5.0281,140.4839,2619.95,346855.0520256687,103.95468353855084,103.95468353855084,0.0,0.1343137020474958
400922,-4.6792,140.0728,4526.41,1091389,-6.6133,142.8264,2474.49,372940.9136765649,125.34400446482393,113.52309842396471,11.8209060408592,0.1132983426164212
535928,-6.2783,147.0536,4046.84,1278576,-9.3253,148.3564,2273.58,367949.2748803757,157.12713014921528,113.58997312189888,43.5371570273164,0.06621669013324782
729191,-3.5586,137.56,3283.3,1645112,-2.5067,140.5255,1996.93,349438.9029753226,70.52720789821527,70.52720789821527,0.0,0.11882033302954534
567417,-3.5244,138.5917,3931.17,1705338,-3.2939,141.7233,1959.78,348544.9025978957,85.87710905998969,85.87710905998969,0.0,0.12716582707140286
573898,-6.0042,146.4989,3906.53,1742077,-8.975,148.3369,1937.88,387521.9114698164,148.5894080666508,113.5770982554587,35.0123098111921,0.05676030907666477
664414,-8.3356,147.2547,3546.63,1748380,-5.8122,149.8383,1934.06,399995.2807501973,45.6228206782929,66.29450134991248,20.671680671619583,0.06053458671060214
542105,-8.8928,147.5331,4024.35,1950715,-5.5372,148.3928,1821.71,384985.8059954925,14.317111808694184,66.25740547122035,51.94029366252616,0.04180364993398818
2450503,-3.1592,141.0378,1598.09,791194,-5.0758,143.4125,3065.0,338787.755693806,129.05905269612768,113.47781562217936,15.58123707394833,0.11748180717499383
600040,-3.5422,137.8283,3805.74,2510183,-2.52,140.605,1574.95,328602.7321602818,69.8408784913728,69.8408784913728,0.0,0.13981609322411995
2558766,-3.2119,141.65,1556.42,1432600,-4.9239,143.8686,2143.65,311107.0258326998,127.7999927755463,113.47908963956381,14.32090313598249,0.13250598566490257
893328,-5.2183,144.5192,2796.79,3101226,-5.3142,147.5905,1375.59,340238.03396325564,91.93658249316624,91.93658249316624,0.0,0.10996308566016857
594659,-8.7369,147.4761,3826.92,3248901,-5.5486,148.6583,1332.69,377749.67577187717,20.275942531689687,66.26803675353187,45.992094221842194,0.04444798198747746
344008,-4.7083,140.2897,4698.61,3842479,-3.615,143.3478,1176.61,360273.6222923277,70.39513493812822,70.39513493812822,0.0,0.10777129233484431
426561,-4.4194,139.7367,4441.04,3899015,-3.39,142.7311,1162.9,351352.2882571846,71.09357032917818,71.09357032917818,0.0,0.11355326390277813
441033,-4.5506,139.9189,4390.89,3988855,-3.5139,142.972,1141.62,357726.3358867811,71.31321840031947,71.31321840031947,0.0,0.10616046716240894
570146,-5.7106,144.9919,3920.77,4152522,-5.5114,147.8272,1104.18,314540.6583093693,86.1013438953443,86.1013438953443,0.0,0.14740228236615496
639604,-8.1217,146.9936,3648.09,4471138,-5.5347,148.9322,1036.25,358540.1761455285,36.77121466092178,66.30807901785789,29.53686435693612,0.06975958195963575
6059313,-3.3372,143.55,751.02,416741,-5.7858,145.0325,4474.72,318009.7166824213,148.94337148091026,113.48220389373743,35.46116758717284,0.116011046860786
663228,-4.2067,139.5875,3551.45,6305010,-3.5897,142.2428,713.95,302455.0832128654,76.9818953853436,76.9818953853436,0.0,0.14863103928316673
416755,-4.3042,139.63,4474.68,6995255,-3.6261,142.4111,618.24,317582.6534983318,76.36447306609334,76.36447306609334,0.0,0.13933566964697985
7025628,-3.2072,144.0958,614.28,719866,-5.8836,144.9553,3319.33,312477.01594641304,162.28079875684463,113.47897515654043,48.8018236003042,0.07776294779804084
933978,-7.7222,147.1717,2715.44,1202926,-9.3244,150.227,2347.41,380282.641962634,118.15516183637494,113.66754150042959,4.487620335945337,0.08721559169557615
1258297,-5.1869,151.8339,2292.95,934693,-5.905,154.9953,2713.9,358878.9721377001,103.00513520412724,103.00513520412724,0.0,0.11045653156697277
1959986,-4.445,152.8022,1816.93,1820916,-6.1378,155.1953,1892.79,325011.8463842818,125.49522841022737,113.51496553025626,11.980262879971121,0.11752699389864546
691990,9.9764,-83.8544,3431.75,1817135,8.5753,-80.8758,1894.74,362094.5265168439,115.23776413197942,113.82194678037303,1.4158173516063925,0.10541343722655167
1160455,9.6614,-83.3297,2393.17,2814330,8.6514,-80.6758,1465.72,312232.2077170295,110.86596149697463,110.86596149697463,0.0,0.1385256196978283
665356,9.2708,-83.0322,3542.72,3838293,8.6289,-80.0736,1177.65,332719.14504941244,102.15454022860747,102.15454022860747,0.0,0.12309012395340985
598270,9.4842,-83.4886,3812.35,8121639,8.9958,-80.6081,482.54,320769.57187369734,99.51394470514002,99.51394470514002,0.0,0.1247653075549662
422708,0.8242,-77.9658,4454.05,481969,3.3278,-76.0572,4244.61,349961.99904865434,37.271838769767776,66.55742953767992,29.28559076791214,0.14710799051423382
338801,0.8169,-77.9372,4713.31,495915,3.4989,-76.0328,4193.63,365661.3776138985,35.32721528819449,66.55747487385354,31.23025958565904,0.1280846898632683
517774,2.0181,-76.5739,4113.45,500090,3.7156,-74.0419,4178.06,338661.310916077,56.070115964217656,66.5445815892546,10.474465625036942,0.1882338936594331
525833,1.8675,-76.5906,4083.57,564257,3.6508,-74.2725,3943.09,324964.1831649696,52.346102659624314,66.54679800533631,14.200695345712006,0.19538634003235494
537725,1.0861,-77.7189,4040.43,570335,3.7186,-76.1139,3920.01,342745.4630011136,31.317970243128226,66.55553608062594,35.2375658374977,0.13019343985430618
581924,2.3797,-77.4325,3875.96,563955,6.4569,-76.1222,3944.16,476058.52821476205,17.720099505849333,66.53855646983537,48.81845696398602,0.02085881282639885
117802,2.9239,-76.0269,5377.59,635000,5.1144,-74.0106,3667.0,330667.4919154633,42.492496068777804,66.52761423804056,24.035118169262745,0.18347027886231315
317091,4.7011,-75.3861,4775.27,649024,7.7714,-73.0092,3609.7,430775.54098188266,37.45920129960535,66.47611946504125,29.016918165435897,0.06409679837795366
680623,1.9842,-76.8372,3479.33,519527,5.1653,-76.0956,4106.99,363168.0989171381,13.076825357179926,66.54509552065687,53.468270163476944,0.07469262130028384
705365,6.7786,-75.6925,3376.28,140258,10.8314,-73.6278,5297.93,504516.22964744,26.571953994352743,66.38501026371227,39.81305626935955,0.02133136436494653
381820,3.5767,-75.905,4587.34,705598,5.715,-73.8131,3375.34,332082.81596173055,44.1974086334266,66.51150970427761,22.314101070851024,0.16575275836098216
516860,3.6806,-75.7631,4116.75,757372,5.9897,-73.8158,3178.69,335367.43213441403,39.963356384246744,66.50864610487326,26.545289720626528,0.14209040089400848
371707,6.5019,-72.1222,4618.31,771573,9.2283,-70.1886,3129.06,370486.1757858181,34.96240714086038,66.39908881384929,31.436681672988925,0.10143198049477913
608602,2.3625,-77.4019,3771.72,772163,6.205,-76.2464,3127.1,446056.82914730406,16.653011947410754,66.53886557245505,49.88585362504429,0.024867412358330506
995823,2.1472,-75.925,2608.67,740758,4.8031,-74.3936,3239.26,340734.7422038776,29.879531529200058,66.54254450177073,36.66301297257067,0.0964907167895854
1098389,6.2136,-75.0939,2465.99,681313,3.4689,-74.6311,3476.68,309473.431057201,170.4420855575694,113.58688113576265,56.855204421806775,0.09555145282303278
589805,5.3789,-75.2836,3845.63,1279097,8.2539,-73.2708,2273.12,389325.60013312945,34.69139772981074,66.45008174162828,31.758684011817536,0.06294243953656455
49237,-0.485,-78.1422,5703.49,1313355,1.9175,-75.2672,2242.21,416574.76109325397,50.1039105027242,66.5591099748944,16.455199472170193,0.07854175556967606
1428058,2.3278,-75.7817,2147.41,763502,4.8714,-74.3186,3157.18,326120.93190794915,29.81642763932764,66.53948232289815,36.723054683570524,0.1033952217832822
471996,-0.6186,-78.0378,4280.79,1464497,1.6706,-75.7247,2119.65,361848.4414922821,45.291505776297456,66.55855206970216,21.26704629340469,0.10295902247645322
681228,2.3064,-75.4103,3477.02,1467454,5.0903,-74.5431,2117.35,324164.18012207164,17.242138643605134,66.53985811862721,49.29771947502206,0.0859653922524518
603588,-0.5403,-77.6272,3791.63,1518224,1.9714,-75.3208,2080.9,379147.38875811023,42.54960111823799,66.55889543267172,24.00929431443373,0.07723975753342069
163423,4.6592,-75.3297,5219.34,1651112,8.1456,-73.3658,1993.19,444260.8139852326,29.13626336153883,66.4776126026838,37.34134924114497,0.03430031825444082
1720188,6.7256,-75.0319,1951.06,509611,3.74,-74.3994,4143.19,339289.1424514663,168.05687021434366,113.6122465089157,54.444623705427944,0.07441556432054605
143555,4.8939,-75.3236,5286.36,1769997,8.2281,-73.4069,1921.46,426930.3629038085,29.62672398017223,66.4690743827011,36.842350402528865,0.04304025506078038
1894726,5.6375,-74.2153,1851.6,1583973,8.5108,-73.5033,2036.52,329012.81058647885,13.773310581474544,66.43920984226756,52.66589926079301,0.05826981491444013
1944502,5.6939,-74.0839,1824.94,1658247,8.4464,-73.4139,1989.04,314865.45187675755,13.54060495988567,66.43676970173703,52.896164741851365,0.06791272639301195
2154242,7.7017,-77.7272,1722.1,825312,5.2417,-75.9264,2962.76,338236.61407965614,143.86321046145338,113.66632480448612,30.196885656967254,0.09345368374947906
2188734,8.0967,-74.1492,1706.52,865243,11.1128,-74.0344,2859.84,335610.89143672865,2.13990407461891,66.30964202339223,64.16973794877332,0.04974259511383355
194014,6.3694,-72.2953,5122.87,2382032,9.0853,-70.1128,1625.16,386029.90569476195,38.389639928489316,66.4056177199607,28.015977791471386,0.07394460646729993
2404396,3.1036,-73.94,1616.15,1594781,5.4375,-72.5086,2029.25,304201.7521627351,31.399960393970723,66.5235055263123,35.123545132341576,0.10293532339725252
569136,3.3294,-76.7347,3924.5,2516806,6.6947,-76.5772,1572.4,374610.46116711583,2.662825690387004,66.51799347010241,63.8551677797154,0.03568286280045598
2528202,6.0492,-72.0261,1568.0,577775,8.9525,-70.55,3891.99,361518.596801147,26.658697253847112,66.42082828885385,39.762131035006746,0.06901034159841475
2634890,7.6831,-78.1528,1528.27,597015,5.6839,-76.0825,3817.32,318887.67454959726,134.06923899516505,113.66522376850685,20.404015226658203,0.14767586796793833
2774626,7.5681,-77.9603,1479.14,597314,5.54,-75.9933,3816.11,313156.2855856142,135.94733722646515,113.65847736510996,22.288859861355206,0.1504489350058146
2910087,8.8047,-78.4594,1434.35,652252,6.5689,-76.1328,3596.26,357112.141810466,133.95688856604593,113.73656259915577,20.220325966890158,0.09812973238264004
3286479,6.8575,-76.6361,1322.02,718358,3.9708,-76.5931,3325.1,321021.52843269997,179.14827841589778,113.61911446066165,65.52916395523613,0.05893486295034412
614948,2.2369,-77.3456,3747.0,3747945,5.4539,-77.2183,1200.09,357992.5342661451,2.257001511961617,66.54105456721429,64.28405305525267,0.03914208960713821
4145481,2.7653,-73.8414,1105.73,585053,5.4669,-72.8419,3864.01,320200.8651887038,20.220963731828363,66.53103602378326,46.310072291954896,0.08865467400338829
4491529,7.0364,-76.6742,1032.07,589592,4.0686,-76.5233,3846.47,330426.3651440052,177.09526623168526,113.62864861832986,63.466617613355396,0.0566677952600315
684628,8.8092,-82.5428,3462.73,4740637,9.4781,-79.5653,982.73,335228.1594748176,76.94723996984403,76.94723996984403,0.0,0.11532806534771282
482490,3.9358,-74.1106,4242.63,5623104,1.4569,-72.8978,822.21,306791.9449729168,153.92374705611843,113.49873834063838,40.42500871548003,0.10510981505412327
5880841,0.1197,-79.8267,779.38,396984,-2.745,-79.2633,4539.46,324637.4845917468,168.88173675893597,113.44005421176298,55.441682547173,0.0752927402445618
6088579,8.6575,-74.0419,746.54,560007,6.2203,-72.7642,3958.91,305428.68005172326,152.4474568008944,113.72662414420692,38.72083265668749,0.11466083502677876
9546744,2.9667,-78.1828,334.76,390514,0.2553,-78.1814,4559.97,301493.8222861346,179.97040523909902,113.47334201456442,66.4970632245346,0.07507863869751709
1202020,5.5839,-65.2483,2348.35,1035599,5.3719,-62.235,2549.07,334364.78059601545,93.89801018216535,93.89801018216535,0.0,0.13515911826969434
1729790,5.9769,-66.3794,1945.13,1527506,3.3692,-65.5272,2074.95,304953.77623487223,161.9222996450178,113.57584805865304,48.346451586364765,0.0853926809054491
291767,8.5553,-71.0267,4846.63,1764906,9.8706,-67.5153,1924.41,412219.9679879427,68.94465886633472,68.94465886633472,0.0,0.07703401322277388
1918665,5.2767,-65.1092,1838.63,1181248,5.1822,-62.3214,2370.35,308877.29839404154,91.82210434474366,91.82210434474366,0.0,0.15566647648811363
2372621,3.8019,-66.1661,1628.86,909389,0.8069,-66.0042,2763.28,333513.9741027054,176.9046752948334,113.49480160969709,63.40987368513629,0.05006381596561456
2377500,0.7314,-66.1653,1626.88,1426360,3.5847,-65.7597,2148.65,320456.6996802828,8.078015931740362,66.55797582956215,58.4799598978218,0.057172273697830206
1649687,1.7461,-61.7931,1994.04,2960150,4.4247,-61.4042,1418.67,300959.8770711563,8.239417804821116,66.54845936689429,58.309041562073176,0.0676645845037855
3511079,0.6181,-66.4172,1260.9,1131488,3.3531,-65.7075,2425.96,314176.1644514405,14.527578288863287,66.55855440953927,52.03097612067597,0.06848184826561295
3620704,3.6911,-66.7714,1232.35,1215913,1.0678,-65.8869,2334.24,307802.1437853334,161.3621320811485,113.49164788318829,47.870484197960195,0.07806176217296594
600672,8.3692,-71.0953,3803.06,4404573,9.9047,-68.4033,1049.88,341304.8809437847,59.77544933686814,66.2923351957398,6.51688585887166,0.11246616596961667
810215,3.5878,8.7622,3006.34,1594678,6.0978,9.9125,2029.34,306818.1654701466,24.497737390626853,66.51120771672127,42.01347032609442,0.10727084825947418
1820348,6.535,9.3069,1893.09,2685119,9.2803,9.4314,1510.13,305571.0383649424,2.5636205840463484,66.39743633320334,63.833815749157,0.05833952595932638
540757,4.2181,9.1733,4029.2,3969726,1.3639,9.9583,1146.16,329127.3143280762,164.6184946985437,113.50748867765925,51.111006020884474,0.07189747687627236
2784823,2.9683,28.6975,1475.65,324571,0.365,29.8925,4753.89,318486.3026585315,155.33247839920367,113.47337803310432,41.85910036609934,0.11863759137921256
696128,6.1064,36.7442,3414.75,497314,7.3642,39.1581,4188.32,301019.3629254152,62.17698348443242,66.41816988196862,4.241186397536211,0.23707354362540328
757249,3.9461,32.9103,3179.08,492660,1.17,34.5306,4205.65,357320.84155928827,149.71416804308544,113.49904685835213,36.215121184733306,0.10496992818553583
28080,-3.0764,37.3536,5886.79,1059080,0.2344,37.8786,2516.22,372739.67076307966,9.015561697382886,66.5241432520733,57.50858155469041,0.06884314897724868
872413,2.1911,36.8147,2843.32,1183271,4.9528,38.0389,2368.44,335792.7386531434,23.830103216573317,66.54182295256962,42.7117197359963,0.08100737924392036
1222366,1.2681,37.2531,2327.94,1082215,4.0944,38.0972,2485.82,327954.6145924185,16.593654777561394,66.55391430746519,49.960259529903794,0.07303780374338771
1279770,3.7489,33.5125,2272.54,461764,1.1183,34.5269,4317.62,313463.59610139055,158.90620619527687,113.49328132891253,45.412924866364335,0.12244295253974463
1272279,1.4492,37.2447,2279.69,1354934,4.1153,38.3064,2206.0,319042.7969540144,21.66688620694493,66.55205141457185,44.885165207626926,0.0835370278448975
786645,2.5253,34.7722,3079.39,1436577,4.5839,37.0708,2140.6,342734.83050467557,48.03197306509119,66.53584974807823,18.503876682987055,0.11145220361570589
2204627,6.0853,34.5158,1699.39,788995,8.8967,34.8364,3072.07,314604.5918237282,6.430362067105905,66.41915349159164,59.98879142448574,0.07130011433198173
717571,1.6597,35.3819,3328.44,2842896,4.4108,35.8092,1456.1,309565.19796089584,8.805986499842852,66.54957364422745,57.743587144384605,0.07656016762581266
553174,12.0736,39.3783,3984.17,702542,9.255,41.7306,3387.88,405321.92917926563,140.41861901898045,114.00314232030094,26.415476698679527,0.07480004996450436
659995,11.5572,39.5711,3564.68,804102,9.4972,42.3128,3024.86,377222.6585671268,127.1305433641544,113.95509269508705,13.175450669067345,0.10617929047343394
685316,11.2331,39.5403,3459.67,827978,9.4417,42.3403,2955.46,365354.87099542294,122.7800603352847,113.9260907429667,8.853969592318009,0.11999984120061362
441874,6.8267,39.8189,4388.19,909407,9.3031,41.2447,2763.23,316956.4739047242,29.588915509657536,66.38250152800165,36.793586018344115,0.13939544324352673
588222,10.8839,39.4694,3851.71,970566,9.5531,42.5011,2649.96,363259.6567504596,113.76416853409023,113.76416853409023,0.0,0.12485121048848363
685235,3.7975,97.2189,3459.96,5425780,0.9225,97.7103,856.35,324312.5545109146,170.29752835017499,113.49467457876163,56.80285377141337,0.059847492799091226
1118862,3.1714,98.3906,2440.9,1384899,4.6506,101.3619,2181.17,368373.6982595099,63.385607270839856,66.52189132956619,3.1362840587263463,0.09244779286198662
1354486,3.2475,98.5008,2206.44,1403201,4.7608,101.3736,2166.41,360352.41011590033,62.06869160879525,66.52003773624327,4.451346127448005,0.09653330798705202
1109356,2.9181,98.4236,2452.34,1449315,4.2239,101.4414,2130.88,365025.76532748766,66.47256300626097,66.52774274933822,0.05517974307724671,0.09530710582999921
1260829,2.1722,99.3614,2290.28,1485301,3.8231,102.0942,2104.22,354652.7259537727,58.76306618419321,66.54213539165357,7.779069207460367,0.10016091174853763
1622675,1.7517,99.3856,2011.3,1936098,3.7375,101.6514,1829.54,334786.3683426042,48.686180622934046,66.54838519102019,17.862204568086156,0.10084106238576583
1359619,2.5894,99.0789,2201.95,1940465,4.7375,101.3031,1827.08,343457.46518945514,45.87276096779902,66.53460699341977,20.661846025620747,0.09069694665797226
812737,3.7481,97.7814,2998.9,2870685,4.8592,100.8156,1446.94,358398.9475733825,69.72612033647657,69.72612033647657,0.0,0.09557893384252227
533000,6.0725,116.5775,4057.26,2884612,8.9894,117.8631,1442.56,353947.67155996145,23.52132291425048,66.41974848964003,42.89842557538955,0.0666710275058843
2991810,0.8778,110.2503,1408.81,1420079,-0.6378,112.7025,2153.2,320541.3074272492,121.71126796309119,113.44291569955854,8.268352263532648,0.12612534592693475
1100583,10.4106,123.1314,2463.21,1240934,7.6547,124.4383,2309.34,338378.37811708247,154.798813632359,113.85644552704103,40.942368105317996,0.07589324148351502
1302708,-1.7075,120.4692,2251.76,1613176,0.9039,122.0772,2017.34,340998.6058458321,31.63207323492725,66.54896417884751,34.916890943920265,0.07564905920601418
805593,-2.4075,120.5419,3020.15,1659599,0.7017,121.1094,1988.09,351436.1534861574,10.3483518538673,66.53805211763671,56.18970026376941,0.050564966873877855
1333554,0.9381,121.7767,2224.26,1782673,1.1142,124.7372,1914.43,329721.451689623,86.56957205746805,86.56957205746805,0.0,0.12523862875675562
1178355,-1.2553,120.1664,2373.35,1919011,0.87,122.5597,1838.45,355894.18907113886,48.403891177645356,66.55403657065989,18.150145393014526,0.0846805562369482
878392,-1.2403,121.4261,2829.43,1948006,0.4408,123.7978,1823.05,323238.36747282447,54.6828053268053,66.55417826797745,11.871372941172154,0.13204062659499133
1780969,0.695,123.2708,1915.43,1948365,2.7761,125.4058,1822.87,331437.5553986547,45.691855882374846,66.55817230556282,20.866316423187982,0.09859736174708286
2115580,0.7911,124.4964,1739.74,2118295,0.6622,127.4025,1738.46,323435.10267809185,92.52091633661368,92.52091633661368,0.0,0.12228624644557862
2022103,0.7572,124.4158,1785.08,2153243,0.8089,127.3331,1722.53,324409.4350322871,88.96490393399175,88.96490393399175,0.0,0.12144331295874702
1157817,-1.2039,121.8033,2395.92,3281813,0.5692,124.1667,1323.34,328522.5409801024,53.13269244694293,66.5545150320562,13.421822585113262,0.10842381334742623
1884538,9.2439,123.1772,1857.24,3381053,8.8631,125.8925,1295.71,301156.3025851458,97.86743294790031,97.86743294790031,0.0,0.14126333251343784
3869111,8.3164,123.1808,1170.13,1257841,6.36,125.0758,2293.39,301655.4582765287,136.0237509135012,113.70426491528903,22.319485998212173,0.12828885078087154
799275,17.5483,-100.3969,3039.87,432777,19.2311,-98.0319,4419.59,311897.4114242988,52.76789145109363,65.34181816246519,12.573926711371541,0.21176482208644773
938810,18.1539,-101.3325,2706.51,109616,19.0225,-98.6281,5408.14,300941.8060056499,70.85296866824613,70.85296866824613,0.0,0.2602875627669911
947492,18.4875,-103.0039,2690.36,357658,19.1019,-99.7675,4659.66,347458.17200020404,78.14220609614759,78.14220609614759,0.0,0.17264505635150654
481974,19.5628,-103.6083,4244.59,1065005,17.7825,-101.0533,2508.11,334096.07649310393,125.91992865405734,114.97087646842581,10.94905218563153,0.15478638202926337
946185,19.7575,-103.6117,2692.91,1089470,18.2169,-101.2519,2476.97,301503.0390389902,124.23327780088766,115.00329375118369,9.229984049703972,0.1760979336336943
841993,19.7036,-103.6331,2918.38,2257317,18.2975,-101.1964,1676.56,300119.048273547,120.99461251700941,114.99427985779982,6.00033265920959,0.1643709554742297
625340,16.1797,-96.2608,3705.86,490867,15.0433,-91.9036,4212.15,483414.21310620126,104.55849740923796,104.55849740923796,0.0,0.04871587577912466
590107,19.4167,-102.3197,3844.4,817489,17.6067,-99.8525,2985.02,328897.7006752641,127.33029894213206,114.94681014422571,12.383488797906352,0.16529165294685982
716896,19.7297,-101.5161,3331.16,868099,17.5936,-99.6525,2853.37,308148.7939665372,140.12179183446563,114.99864086135881,25.123150973106817,0.1600323830118282
941008,19.7286,-96.9842,2702.24,865214,17.005,-96.0536,2859.92,318371.558626757,161.88482985043305,114.99845692050312,46.886372929929934,0.09650927991140403
746675,17.5575,-96.4783,3217.55,1101623,17.2425,-92.9147,2461.73,379734.3830729378,94.75766126509687,94.75766126509687,0.0,0.0965773145285061
1104387,16.0044,-96.3958,2458.01,1073370,15.7283,-92.9244,2497.13,372558.4281629466,94.2506840120114,94.2506840120114,0.0,0.09482078532525332
901791,17.6706,-96.57,2779.03,1120858,17.2092,-93.0828,2438.24,373468.60948683944,97.37070670692037,97.37070670692037,0.0,0.09680199527112608
840752,21.4308,-99.1325,2921.36,1187539,19.7347,-96.7714,2363.69,309791.84338608145,127.08019757476242,115.29852701140945,11.781670563352975,0.162602212646503
498108,19.4942,-97.1475,4185.31,1268243,16.765,-94.4517,2283.54,416208.3910222912,136.38269895798362,114.95954874191642,21.4231502160672,0.05932656773837717
798033,17.1783,-96.0711,3043.27,1692106,17.3172,-92.9164,1967.95,335364.17511096894,86.89324619596492,86.89324619596492,0.0,0.13076123391832115
383919,18.9856,-97.3142,4580.73,1708522,16.7717,-94.1919,1957.83,412016.2500348164,126.19958857622852,114.87708160965039,11.322506966578146,0.07073784915281349
3054116,15.8725,-96.4103,1389.76,1478230,15.9722,-93.4472,2109.62,317031.9496918766,87.58998413436784,87.58998413436784,0.0,0.13291211872168215
67824,19.0303,-97.2703,5591.6,3079519,16.9969,-93.9903,1382.07,414007.6331323493,122.58414063458008,114.8842229819567,7.699917652623384,0.07212367627608063
831155,15.1633,-89.8086,2946.58,1102280,15.5572,-86.8761,2460.84,317464.0441219188,81.68309108945819,81.68309108945819,0.0,0.1626976564777135
807484,15.1497,-89.7308,3014.8,1165171,15.6356,-86.8825,2387.67,310095.44359613507,79.58990656974318,79.58990656974318,0.0,0.1716769260306649
600265,14.475,-90.8806,3804.72,1307081,15.5231,-88.2328,2247.88,307338.2741444051,67.37734483319676,67.37734483319676,0.0,0.18323700042566646
979864,15.1578,-89.6208,2634.39,1350419,15.6661,-86.7997,2209.93,307644.63886862353,79.04080971790121,79.04080971790121,0.0,0.16512443221505665
2376158,11.5383,-85.6225,1627.39,1311111,9.7828,-83.2403,2244.47,325365.2850220827,126.63955682983143,113.95337707039226,12.68617975943917,0.12075518312296701
3733376,12.6372,-85.7664,1203.7,1232922,10.2469,-84.3556,2317.45,307051.88310519245,149.80807551496446,114.05818794858983,35.74988756637464,0.0978005560931881
4392711,12.4069,-85.5506,1052.33,719140,10.0192,-83.7564,3322.12,329820.2991540027,143.42771947206566,114.03536473965038,29.3923547324153,0.0999622214303776
4960261,12.0036,-86.2925,941.17,846914,10.1311,-84.1008,2905.7,317096.82232464745,130.8260603060266,113.99649588824005,16.829564417786543,0.12789048308881262
639029,10.3364,-72.9053,3650.31,551466,7.0294,-72.4869,3990.32,370585.45896736946,172.83845885812994,113.85043966768012,58.98801919044982,0.06306405569658531
1362276,10.8089,-72.675,2199.78,725217,8.3261,-71.1822,3298.13,320943.42890293733,149.20909264745492,113.8894661250354,35.319626522419526,0.1149323867709501
400862,6.9925,-72.7261,4526.58,1642999,10.3217,-72.6117,1998.31,370403.4559892336,1.9373138632612241,66.3737143151643,64.43640045190308,0.04565689217582777
1683310,19.9894,-76.8361,1973.32,1335072,18.3642,-74.0314,2223.05,345564.46410608693,121.06235307551897,115.04242281447345,6.019930261045516,0.10884351779975512
2026059,10.8828,-72.6136,1783.22,641470,8.3636,-71.2333,3640.23,318375.3782242454,151.50349816426606,113.89573811255883,37.60776005170723,0.11300432210114009
613082,7.2553,-72.7258,3754.36,2846935,10.4478,-72.5094,1454.83,355784.7421267398,3.8155959815886686,66.35934189391467,62.543745912326,0.04384120535619329
5419682,12.1706,-71.3864,857.4,350542,8.8103,-71.0011,4679.8,376014.7272683186,173.53127500095388,114.0124216681438,59.51885333281007,0.03885459185726723
2110780,10.3972,-66.9853,1742.06,1017085,10.1167,-63.8744,2576.05,341812.40162646334,94.9571408447771,94.9571408447771,0.0,0.11871413516348928
2704840,11.1778,-69.7031,1503.28,916153,10.5428,-66.7825,2749.86,326658.6560246062,102.20526969808998,102.20526969808998,0.0,0.13669261698441995
2149322,20.0667,36.7153,1724.18,2331819,17.6383,38.2903,1645.67,316822.93624905107,148.20111019393852,115.05559167719106,33.14551851674747,0.08836282280662029
1384245,13.3914,41.7283,2181.75,1002310,16.1894,43.7108,2598.62,377114.0370515591,34.165853702634514,65.86384457640503,31.69799087377052,0.0587009262467867
563443,12.8586,39.4978,3946.08,1463991,10.0839,40.7036,2120.07,335342.40515038685,156.80866490571333,114.08056182431497,42.72810308139836,0.09124649382486097
1576728,18.2917,42.1753,2041.22,1078030,15.3656,43.4467,2491.3,352377.5615654489,157.2306387589073,114.76882284424448,42.46181591466282,0.0604347005738268
1638924,12.4689,42.4042,2001.1,812287,15.6219,43.7153,3000.29,378040.61302324256,21.813092679314344,65.95853595351518,44.14544327420083,0.04677453638625323
2028609,11.7531,42.6378,1781.98,847648,14.6817,43.6561,2903.93,343791.3181597593,18.586744350773454,66.02694637513011,47.440202024356665,0.06276074317449848
2138526,10.2319,43.3253,1729.09,813234,13.5169,44.0519,2997.25,373731.61436470784,12.14048021537766,66.15794142430713,54.01746120892946,0.03805200725177858
2140685,13.5119,45.915,1728.04,1114626,10.7364,47.2442,2445.49,340769.3166267078,154.76717098741813,114.14907385123297,40.618097136185156,0.06761158977662497
2459743,18.2864,42.0408,1594.36,704767,15.6083,43.7631,3378.89,349616.30252383696,148.14576540433976,114.76801462406566,33.377750780274084,0.08213509910708375
624561,9.7269,39.7294,3708.83,2469495,10.1975,42.5975,1590.58,318436.4102095427,80.29563066934757,80.29563066934757,0.0,0.15124312666953119
3089669,11.9314,42.8842,1379.11,1027217,14.5947,43.7403,2561.21,310298.48348764505,17.27684999067628,66.01031558511,48.73346559443371,0.07949454273922989
3179171,13.0983,41.5994,1352.73,771812,15.2197,44.0814,3128.27,356712.25059141073,48.30645092723703,65.89473443556699,17.588283508329965,0.09333864304390552
3219452,13.9564,41.1056,1341.12,635624,15.28,43.9778,3664.37,342283.1682524227,64.1765866750952,65.80216247462042,1.6255757995252225,0.1349219360170504
745875,14.4453,39.6119,3220.69,3506701,12.1717,41.3953,1262.03,318039.9799521644,142.43506758946472,114.25350577070674,28.181561818757984,0.10793898557823825
896242,14.6675,39.6558,2790.52,3961562,12.5517,41.5033,1148.05,308561.9282374236,139.4581151996786,114.27951696962774,25.178598230050852,0.11547402690138045
972569,14.8811,39.6144,2646.78,4459671,12.8678,41.6239,1038.56,311718.41011652385,135.6568510440561,114.3049431579187,21.35190788613741,0.11392636789614968
1662811,20.3808,94.0864,1985.93,2259659,19.4175,96.7714,1675.58,300465.9143302804,110.42371659641891,110.42371659641891,0.0,0.1526650527763628
2586168,15.3233,99.3708,1546.22,1475558,17.7308,101.0072,2111.72,319512.55470446165,32.86026052879475,65.64109562864525,32.78083509985049,0.09145095810626418
2653309,19.8597,94.313,1521.59,987897,18.8097,97.0375,2621.08,308780.1323411528,111.76124610686084,111.76124610686084,0.0,0.1569013178872052
1005191,15.0692,107.9753,2593.8,1131839,12.4061,108.4244,2425.49,300069.16144574434,170.64257678260634,114.32767798148501,56.31489880112133,0.09185438136273202
1135587,19.7,104.713,2420.99,2391121,17.2942,106.2997,1621.5,315519.81896576256,147.72038160359313,114.99367889887641,32.72670270471673,0.0990280260662555
1562938,13.4667,98.805,2050.69,3259753,14.4414,101.5014,1329.6,310501.7673643341,69.24945813516568,69.24945813516568,0.0,0.1330310937539637
840299,16.5978,120.8989,2922.57,1255304,13.2258,120.9158,2295.66,374953.5118151515,179.72029876909775,114.5245793248851,65.19571944421267,0.03333073445310509
1732877,15.9447,121.287,1943.34,1682387,13.6581,123.3725,1973.92,338976.8371947609,138.3230330841085,114.43778159048746,23.885251493621013,0.089536544172786
1849372,10.6372,123.2358,1876.72,887513,7.6911,124.5078,2809.05,356102.7441977438,156.80959539926855,113.87506966488425,42.934525734384295,0.05917296253007877
1869678,10.6375,123.1958,1865.45,860379,7.9553,124.8022,2871.55,346437.2085871044,149.28126478926185,113.87509460464442,35.40617018461745,0.07782500483374195
2716548,14.0644,121.4269,1499.22,1556655,11.2678,122.2061,2054.64,322250.35064106446,164.70490149284308,114.20995075307417,50.49495073976891,0.06220442943581416
3188304,11.65,124.4619,1350.01,1132462,8.7494,124.9767,2424.73,327414.22671267594,170.04508588030862,113.96356040672016,56.08152547358844,0.05488967214542588
3499617,11.1033,124.7425,1263.9,1026883,8.1131,124.81,2561.81,332577.2378615433,178.71919382471154,113.91472383241414,64.80446999229741,0.04434297144095732
1584611,12.4158,122.5686,2036.07,3623532,10.7894,124.8264,1231.61,305254.5526689774,126.09823324411556,114.0362382493572,12.061994994758379,0.1299015129833394
933548,16.6539,120.7861,2716.24,4884323,13.9208,121.0517,955.3,305238.73599781643,174.60918114245803,114.53222354562162,60.076957596836394,0.06443212624178779
3618528,21.5079,-158.1425,1232.92,501326,19.4739,-155.6059,4173.63,347776.4441521698,130.11407082607116,115.31286425362212,14.801206572449018,0.12481327067872813
2305624,26.1064,-111.5853,1656.41,1328867,27.8714,-108.9206,2228.34,328965.2994394384,52.777267323522636,63.70568400885233,10.928416685329694,0.11874587692992396
3010975,25.8411,-111.4033,1402.97,1916291,27.0378,-108.6033,1839.98,308897.1060842192,63.865382379244245,63.865382379244245,0.0,0.13727392743978553
1049210,23.5853,-105.8433,2529.52,1077760,20.3281,-105.0444,2491.6,371433.19453314226,167.03306472363184,115.72462989705309,51.30843482657875,0.04371288286627803
1522420,23.5392,-109.9544,2078.07,724702,25.9561,-107.0478,3299.94,397935.533362339,46.9220553190101,64.28505426714834,17.362998948138227,0.0690468018165887
1957658,23.4397,-109.9253,1818.22,1253420,25.8103,-107.6453,2297.23,350122.6235462125,40.69419737226442,64.30586948292913,23.6116721106647,0.08316997874006554
6861334,21.6228,-106.5831,635.97,829907,24.3403,-106.1533,2950.08,305357.58861181204,8.201322836948318,64.66564679747316,56.46432396052484,0.0691332594636476
851649,23.4064,-99.7958,2893.74,885991,20.4383,-98.4703,2812.24,357230.8127534227,157.24556505072468,115.68719059746081,41.558374453263866,0.07143744555985074
822337,23.4917,-99.7944,2971.16,953296,20.6975,-98.75,2679.93,328800.86879896885,160.69898248799055,115.70499407119566,44.99398841679488,0.09020782731218707
887136,23.1558,-99.5917,2809.84,1641538,20.3447,-98.0706,1999.34,349825.98158794525,153.0311107296233,115.63538637974241,37.39572434988088,0.07101833199726551
1484508,23.2247,-99.4289,2104.79,1966260,20.6864,-98.3672,1813.55,302735.2673080668,158.5962421009738,115.64955532612328,42.94668677485052,0.09415049069199956
2844731,23.2531,-98.3969,1455.52,856089,20.2925,-98.2919,2882.41,329381.9914497959,178.09391333930267,115.65541197362099,62.4385013656817,0.05307647090530816
891110,23.8514,-99.4408,2801.4,3309267,21.2394,-97.8892,1315.67,331269.9255244253,150.94840781468162,115.78102847177269,35.16737934290893,0.07987668859894848
5898746,22.7522,-98.5903,776.4,783282,19.9475,-98.1383,3090.33,315360.81215870025,171.38052545025408,115.55350773401251,55.827017716241585,0.06512892900722987
3800068,20.1611,-74.6208,1187.11,1281014,18.3572,-72.2575,2271.53,319014.2211622946,128.56215910043477,115.0717594192169,13.490399681217866,0.1213775747066418
625298,28.2728,-16.6425,3705.99,6589878,29.12,-13.5208,672.87,318709.5234412128,72.06291146257624,72.06291146257624,0.0,0.12998459698781092
1399992,21.865,36.5069,2169.0,1173752,23.9767,39.2825,2378.66,368680.6502279212,49.90874108139265,64.61986688323609,14.711125801843423,0.08365821071318179
1402654,20.3439,36.67,2166.83,991341,21.1461,40.2053,2615.47,378276.4604344313,75.73913773004216,75.73913773004216,0.0,0.08803418876928813
1471783,20.7872,36.8433,2114.24,926863,17.5686,38.0581,2728.92,379944.85048531985,160.17693488259954,115.1813973404414,44.99553754215813,0.04325013084588854
1528055,21.8236,36.5114,2074.56,1382773,24.5872,38.2831,2183.11,356660.59382991615,30.162661484721127,64.62773877761381,34.46507729289269,0.06386136907006545
1465939,26.9775,33.4894,2118.49,1819838,27.0947,36.8586,1893.34,333941.8125739549,86.99826911104391,86.99826911104391,0.0,0.11862274976176712
1905861,27.0861,33.3494,1845.56,1609708,27.1481,36.7828,2019.56,339869.7243815809,88.05541326051183,88.05541326051183,0.0,0.11108870713080614
2831810,25.6956,34.1667,1459.77,1744629,28.245,35.5614,1936.3,315371.4345207731,25.679162442571855,63.804037311356254,38.12487486878439,0.08296789091581487
983231,28.5094,33.9556,2628.35,3383776,25.4953,34.2344,1295.0,336288.29858052114,175.22474543837833,116.91583496000567,58.30891047837267,0.04760364309002292
4157077,26.1111,33.7333,1103.17,1085033,28.6544,35.3047,2482.06,322555.6110334423,28.392517705416513,63.70454585532206,35.31202814990553,0.08421048199230931
4373750,26.4314,33.5658,1056.3,1162312,28.6886,35.2953,2391.17,303405.37404264533,33.79063208080842,63.6262879202478,29.83565583943937,0.11196584700024453
565454,30.7772,52.7505,3938.56,724305,29.9286,55.835,3301.44,310631.9716773316,106.8995694347364,106.8995694347364,0.0,0.2080718426980098
918552,31.5922,57.0333,2745.53,1162618,29.6708,59.9711,2390.81,353037.8402792344,126.48203383996984,117.8396382425842,8.642395597385644,0.11247712345406002
820179,32.4406,57.3689,2977.72,1364942,29.4819,58.0239,2197.84,334865.26229194074,169.08118841187041,118.12147149327633,50.9597169185941,0.06985351514035952
1390717,26.7728,58.1994,2176.29,937774,27.5894,61.3344,2708.61,323107.90066891117,72.96697048802848,72.96697048802848,0.0,0.15007884154423437
1368598,27.1939,54.5392,2194.68,1481632,27.0003,57.8372,2106.93,327167.29123377445,93.02030277249452,93.02030277249452,0.0,0.1319326697532831
1531047,26.8703,58.0442,2072.35,976529,27.4583,61.4242,2639.7,340703.76824495214,78.1678922676304,78.1678922676304,0.0,0.1258607390556723
1542653,25.9761,56.2322,2064.3,820966,28.6503,58.1364,2975.24,351855.66606779856,31.888285452204336,63.737120983242946,31.848835531038617,0.08259474852663617
1556686,26.9303,58.2775,2054.62,1094945,27.3017,61.5533,2469.8,326825.1074428232,81.99615712603527,81.99615712603527,0.0,0.1383218284705818
1353729,27.4561,54.3986,2207.14,1574017,26.7769,57.718,2043.0,337085.75839364814,102.18619150097099,102.18619150097099,0.0,0.1193671327355811
816226,23.2375,57.2642,2988.9,1707132,26.5878,57.7642,1958.69,375931.6556675535,7.604128718549572,64.34780623912718,56.743677520577606,0.03615424937585898
1161370,23.1525,57.4664,2392.25,1806504,26.1103,58.4233,1900.83,342814.1272180577,16.190155507904215,64.36529084306234,48.17513533515813,0.057371176227313504
1892473,27.4531,54.577,1852.85,1590641,26.6764,57.7336,2032.03,324261.4911935578,104.72411896041137,104.72411896041137,0.0,0.129053122759964
1996363,23.6822,56.8086,1797.99,1910974,26.5342,57.74,1843.0,330698.95132793294,16.278219744822785,64.25493135061117,47.97671160578838,0.05952602632745634
447499,29.39,56.7469,4368.62,2001816,26.8022,58.6303,1795.34,341935.10811582115,146.84991841075922,117.16446678883851,29.68545162192072,0.10521796743485652
975436,28.6722,57.3981,2641.42,2081113,26.5239,59.5883,1756.29,321923.3311128552,137.3894608282442,116.96092379108742,20.428537037156786,0.11794737415293552
701646,29.1739,57.1736,3391.73,2269603,26.5806,58.9669,1671.57,337951.90368712315,148.14042551079154,117.1023664891223,31.038059021669255,0.09262881957620452
446876,29.4031,56.8147,4370.88,2298728,26.7686,58.4417,1659.41,333589.94428129867,151.02935345229602,117.16825433935428,33.86109911294176,0.1045456211794722
771215,27.9228,56.2883,3130.21,2603834,27.8344,59.4956,1539.75,315388.50314155925,91.03547399715829,91.03547399715829,0.0,0.14617789621615657
922324,23.1386,57.0142,2737.63,3095210,26.2056,57.5442,1377.42,345212.2425409659,8.814844229079174,64.36814197831484,55.55329774923567,0.04633670673591518
1363830,27.4764,55.2044,2198.62,3423976,24.7433,56.0814,1284.09,316266.70821172505,163.73163514166382,116.63873501955445,47.09290012210937,0.06920871995493015
529029,29.3758,57.1889,4071.74,568536,28.6078,61.1247,3926.78,392186.8842851679,101.61702348011616,101.61702348011616,0.0,0.12375946566953626
873452,28.3117,61.578,2840.86,822405,28.8283,65.1947,2970.99,357814.4412309323,79.90020787500845,79.90020787500845,0.0,0.12416543324470979
514594,29.9111,57.2008,4124.91,1134406,28.3442,60.5692,2422.35,370654.3682388285,117.20856321910298,117.20856321910298,0.0,0.11576279212599255
596375,30.205,57.38,3820.02,1186228,28.3125,60.5558,2365.26,373060.9450631656,123.550875837691,117.40519985705458,6.145675980636412,0.10674503602083375
825962,31.0436,57.0992,2960.74,1263899,29.0964,60.1025,2287.3,361087.3271258777,126.07966151117736,117.66400867994747,8.415652831229892,0.10509704146263962
487768,30.07,57.4656,4223.33,1289412,28.0975,60.6114,2263.7,376204.8864697338,124.88628091565315,117.36460037491489,7.521680540738259,0.10571430428826063
612074,30.5622,57.1614,3758.34,1343721,28.6147,60.1964,2215.43,364687.2848874278,125.6666480821327,117.51403529785026,8.15261278428244,0.11016745242135344
927937,32.4542,63.4489,2726.76,1462701,29.6483,63.5278,2121.04,312092.17851593497,178.59951904485203,118.12609296801476,60.47342607683726,0.07296610000898346
1504764,27.5061,67.2006,2090.27,702480,30.4181,67.8283,3388.15,329505.5046768669,10.529667991062999,63.35351127230395,52.823843281240954,0.07683539457532679
1002648,27.7403,62.0814,2598.04,1543333,27.6544,65.3778,2063.85,324673.3276530889,90.91907452418576,90.91907452418576,0.0,0.139508248663102
1493690,27.1375,67.1692,2098.44,1645341,29.9503,68.4522,1996.79,336933.2850372314,21.531526165275544,63.448865021928974,41.91733885665343,0.06732882263077897
835896,28.7353,60.8736,2933.95,1713925,28.4808,64.1417,1954.74,320273.30886901246,94.28511101883444,94.28511101883444,0.0,0.14703009906090594
768796,28.6503,61.0092,3138.56,2150465,28.5822,64.325,1723.66,323740.3950570004,90.54566117055933,90.54566117055933,0.0,0.14028169874806803
980728,29.4072,79.4383,2632.77,12431,29.4417,82.5975,6095.97,305987.01840128604,88.50568802781012,88.50568802781012,0.0,0.2701006326794649
988083,29.4778,79.3792,2620.74,590,29.3756,82.6375,6857.96,315757.5154613065,91.2613166995451,91.2613166995451,0.0,0.27554796522261077
324876,28.6,83.1194,4753.04,606494,27.5025,86.438,3780.02,347759.13206250896,109.75655003457408,109.75655003457408,0.0,0.18207289648332492
349291,28.5636,82.9858,4683.28,766405,27.5617,85.9745,3147.06,313692.4251910299,110.0936715658932,110.0936715658932,0.0,0.21061549757080195
214399,28.6708,83.0611,5063.48,1139483,27.4986,85.9156,2416.93,308866.4653402539,114.28293480870948,114.28293480870948,0.0,0.2032322249347524
215,28.7089,83.2736,7255.07,1151347,27.2822,86.3442,2403.61,340653.6449015327,117.02652923720024,116.97114251268455,0.05538672451569937,0.18956615666030574
1975658,27.9722,82.7861,1808.77,1422,27.7964,86.5681,6601.34,372210.47623344185,92.12462922515454,92.12462922515454,0.0,0.1714123034446551
3083467,23.9639,86.1286,1380.91,2,27.7028,88.1475,8564.29,462219.2711701825,25.48638737657106,64.19487031603337,38.70848293946233,0.050269277326362986
37,30.3758,79.9703,7804.02,3595657,28.0575,82.1342,1238.7,332476.6781024574,140.29840741242535,117.45698397496058,22.841423437464755,0.15801982331503037
21,28.3556,85.7778,7920.27,6121377,24.4983,86.8378,741.46,441699.972318783,165.9360330254965,116.8735982286314,49.06243479686509,0.03384717364759338
9,28.0969,86.6603,8153.29,6425871,24.2408,86.9222,696.33,429573.90630468813,176.45331251947033,116.80333461362517,59.64997790584516,0.03381636876908709
15,28.5508,84.5592,8043.81,6574274,24.7178,85.7658,675.0,442751.36091393756,164.0100444422612,116.92726382296374,47.082780619297466,0.03478186147725699
29,28.535,84.1217,7887.02,8429556,24.9744,85.3942,449.22,415580.86828997696,162.01100797226655,116.92289909429232,45.088108877974236,0.0461703992080102
3092,27.8119,92.3806,6416.62,200673,28.0117,97.2531,5103.26,479252.51676348504,86.20378619954052,86.20378619954052,0.0,0.0934035234948787
2746,27.795,92.3875,6443.53,213091,28.0453,97.2625,5067.38,479753.6283216192,85.53456921721798,85.53456921721798,0.0,0.0926444221283006
18200,27.8364,92.4775,6005.14,417223,27.9339,97.1258,4472.94,456953.18598484097,87.55384859915648,87.55384859915648,0.0,0.09646497074082296
40223,27.7558,92.4561,5772.66,418783,27.9106,97.1356,4467.62,460432.705861455,86.76595479013461,86.76595479013461,0.0,0.09068971156539604
2517,27.8489,92.4242,6464.98,577901,27.3089,97.028,3891.45,457678.41701374535,96.4679768423164,96.4679768423164,0.0,0.09049289519073098
827,29.8325,94.8672,6750.61,592912,25.74,95.037,3833.69,455371.2487444023,177.8577717146063,117.29387754984886,60.563894164757414,0.03920689251382414
1080,29.8389,94.9428,6672.32,691882,25.9456,95.0769,3432.29,433115.41552656284,178.2245956681122,117.29577167417422,60.928823993937954,0.045697526990954355
4688,28.1725,92.6747,6316.17,692829,26.9997,97.2133,3428.42,465881.2784660096,105.1943826026239,105.1943826026239,0.0,0.07466499457227303
2260,27.8469,92.3947,6490.56,695836,27.4869,96.9975,3416.02,455025.2636134682,93.97495204181142,93.97495204181142,0.0,0.08461734018556315
538220,28.2667,93.7689,4038.69,697050,26.6786,97.2383,3410.89,385116.73244716605,116.48193511517484,116.48193511517484,0.0,0.12001588332126807
251941,28.8244,93.93,4958.1,703443,26.9222,97.25,3384.21,388857.61111708,122.16431616564279,117.00343337605189,5.160882789590914,0.12614111547125936
719327,25.2658,98.0278,3321.47,1243,28.4383,98.6825,6636.89,358692.3779133303,10.285725145532677,63.904583787784965,53.61885864225229,0.11294653405031685
805910,25.5975,94.0664,3019.2,415,29.6622,95.1344,6984.65,464049.195363415,12.85952005996385,63.827197288151545,50.96767722818771,0.03895050344434547
827112,25.8597,95.2728,2957.73,157885,28.6094,96.7994,5237.47,340964.6116004975,25.926889852980377,63.76501482208447,37.838124969104086,0.13482353215951087
241997,28.4528,97.5997,4985.97,875767,25.2119,97.8994,2835.34,361595.7252464629,175.21446767916328,116.90025092613234,58.314216753030934,0.07075252530109483
548636,27.0858,91.7811,4000.79,899505,26.8156,95.5236,2783.82,372152.5750478531,93.78052197795611,93.78052197795611,0.0,0.12009867185581587
289437,27.2756,90.3778,4853.26,947778,25.1683,93.91,2689.85,423107.6103920735,122.83481652236526,116.58663779342416,6.248178728941099,0.07953942356325941
266497,28.0525,97.3705,4917.52,952656,24.8344,97.8375,2681.13,360842.84202068305,172.49179528105117,116.79137324437198,55.700422036679186,0.07160024972934591
6247,27.8533,92.4992,6251.17,987919,25.4628,94.8464,2621.01,353619.99660879513,138.19989363711798,116.73805864869689,21.46183498842109,0.14733800505815164
1006798,24.8394,97.7075,2591.23,141358,28.4481,97.7328,5294.05,401276.8165717459,0.3534155458855851,64.00199559333217,63.648580047446586,0.042587212954850885
1035512,25.5322,94.2983,2549.2,369982,29.0169,94.6186,4623.31,388771.01191615633,4.59782255399118,63.84254432755657,59.24472177356539,0.046794726943094916
1080228,25.595,93.868,2488.62,209,29.6408,95.0417,7264.08,464485.928849367,14.14683606477399,63.82778586589208,49.68094980111809,0.037438994068827426
1135839,25.6378,97.0558,2420.69,2676,28.5128,98.6069,6450.71,354646.4854224644,25.309623495045997,63.81769820575403,38.50807471070803,0.13082036260293625
1154345,26.9333,91.58,2399.88,964074,26.5908,95.412,2661.24,382342.9617327681,94.8512080973782,94.8512080973782,0.0,0.08792917805182326
941333,22.2381,93.545,2701.64,1185208,21.0922,96.6008,2366.47,340511.17987050617,111.40461096434596,111.40461096434596,0.0,0.1289076039010437
951675,23.5122,93.7755,2683.15,1270376,23.0367,97.1572,2281.63,349441.42320074694,98.03168485761033,98.03168485761033,0.0,0.11696840269082041
1107488,26.1861,97.2108,2454.37,1409263,23.2628,97.2411,2161.79,325070.3769065808,179.45418838435447,116.31365588046484,63.14053250388963,0.057808786173985605
1452803,22.9711,96.6503,2128.22,1030994,25.9183,97.9717,2555.22,353951.84142001654,21.93327568427799,64.4023204924462,42.469044808168206,0.06097355789427301
1453569,26.1642,94.6067,2127.65,6180,29.4308,96.3625,6254.2,402178.4021842373,25.025017705639705,63.691666758334314,38.666649052694595,0.0760414244850753
97,28.0475,90.4544,7501.17,1519777,25.2744,93.4703,2079.86,429960.29579355905,135.12935921236217,116.79002802974944,18.33933118261274,0.08142831690222957
1533619,25.5058,93.6289,2070.46,533834,28.7067,95.3536,4054.33,394728.7310504306,25.235508881074395,63.84873325971578,38.61322437864138,0.05406040622669019
968439,21.7578,93.4789,2653.42,1547926,21.2078,96.6528,2060.79,334041.73588169215,99.96513286920974,99.96513286920974,0.0,0.1291236283500333
1686603,25.3214,93.4525,1971.29,522993,28.5839,95.3806,4093.96,410010.14734675916,27.3483420045325,63.89171103679398,36.54336903226147,0.046279995023386575
153,27.6881,88.0497,7363.68,1701340,25.5308,91.8497,1962.31,447464.34555398306,121.55169430708062,116.69427537025419,4.857418936826434,0.07379202368626167
956199,26.3281,97.2164,2674.9,1828014,23.4958,97.3405,1888.7,315185.7357205941,177.69793310873982,116.34832318997938,61.34960991876045,0.06607618364029418
284302,28.0053,97.4042,4867.9,2074827,24.5603,97.5392,1759.32,383302.60111185594,177.95747517441353,116.7786888042394,61.17878637017412,0.04163036538030068
121,28.2272,90.6153,7428.03,2102412,25.0992,93.0469,1746.09,423478.9382331251,144.65905480141046,116.83860254714827,27.820452254262193,0.07046103508911629
44265,28.3281,97.5345,5740.2,3049484,25.0475,97.6311,1391.18,364912.0667131872,178.47105181345353,116.86608275960101,61.60496905385253,0.05524781467789219
518,27.8542,88.1964,6909.41,4499009,25.4056,90.6475,1030.53,365340.42326364276,137.6207412627494,116.73829824562395,20.88244301712544,0.10971743334740533
360,27.8217,88.175,7041.01,5064473,25.2936,90.9028,921.73,390654.32033137954,135.39843975204406,116.72965348747854,18.66878626456551,0.08851528671077516
484743,27.1472,89.6114,4234.23,5584400,26.1656,92.8355,828.84,338466.0083744656,108.0839606467663,108.0839606467663,0.0,0.11770818046857086
112059,27.1436,100.1617,5398.92,546722,26.1583,103.2358,4007.68,324545.2621483493,109.03453003891968,109.03453003891968,0.0,0.22922877973436787
808137,28.1289,103.7422,3012.79,255556,31.5433,103.8533,4948.01,379814.8972517595,1.5893760571732314,63.188026875884525,61.59865081871129,0.057763713340454166
816599,28.3089,103.5305,2987.81,803584,31.6372,104.1003,3026.55,374135.3057440292,8.29446566082404,63.13915784010052,54.84469217927648,0.04814059031445862
1120483,28.4453,103.6525,2438.79,395350,31.6036,103.9011,4544.62,352000.9642300298,3.83700660668774,63.10181055403113,59.264803947343395,0.06904214466822521
653721,28.9789,103.2664,3590.16,1315434,29.0308,107.1903,2240.26,381620.1098907289,88.18229343154619,88.18229343154619,0.0,0.09514466207327729
340834,31.7489,103.4258,4707.72,1638611,28.7008,103.9919,2001.3,343267.411063274,170.7395479115119,117.89074652604863,52.848801385463275,0.07745507867875863
311856,31.6978,103.4745,4789.98,1664174,28.5097,104.0889,1985.05,359391.0099109434,170.37911976252792,117.87403355611852,52.5050862064094,0.06602527402152901
15787,31.1064,102.9019,6040.85,1920114,28.1417,105.7628,1837.84,430243.80226086563,139.2918867095778,117.68385632640886,21.608030383168938,0.06077260930215659
35929,31.3156,103.0172,5810.17,2040357,28.2225,105.0175,1776.01,394398.29484657885,150.18984168342257,117.7504505303819,32.439391153040674,0.071377591102193
115,29.595,101.8792,7437.52,2052527,28.4814,106.3283,1770.32,449867.9379872088,104.88751359518898,104.88751359518898,0.0,0.07037654672103023
780614,29.51,103.3319,3099.24,2236776,28.5422,106.4642,1685.48,322988.35091451707,108.6964004507103,108.6964004507103,0.0,0.13980496192039465
62889,31.1242,102.9053,5618.45,2266458,28.0844,105.2075,1672.91,404680.1211229027,146.06011621699514,117.68949393401492,28.370622282980207,0.06521947797178855
157441,30.2067,102.3319,5238.85,2319369,28.2014,105.6367,1650.72,390619.1580631526,123.98957848979674,117.4057129655815,6.583865524215241,0.09272427998491999
1799,29.7336,101.9128,6543.12,4856610,28.5742,105.5403,960.55,375085.26707487146,109.2111827144517,109.2111827144517,0.0,0.10883237069157602
1668262,26.3794,110.9445,1982.54,1468682,26.3133,114.04,2116.41,308530.6435024523,90.67767488188696,90.67767488188696,0.0,0.15231000077554993
1914760,25.6828,118.1861,1840.87,635973,23.2281,120.9117,3662.97,388061.0023506654,134.1219186438048,116.1929336857493,17.92898495805551,0.07904149083776832
2060187,25.6239,118.4689,1766.38,729336,23.0508,120.8745,3282.7,375824.2252360055,139.07247537598488,116.17902305008194,22.893452325902956,0.07602717299810005
2011549,28.8817,114.9506,1790.34,2138126,28.9086,118.0589,1729.26,302604.4528188245,88.68267724460843,88.68267724460843,0.0,0.14832625673757965
2450524,25.2314,117.7511,1598.08,565991,23.47,120.9572,3936.62,379248.1243527859,120.42273605791581,116.08747161789387,4.335264440021945,0.1022926927316696
1282071,30.2708,110.7072,2270.72,2451698,28.9881,113.8261,1597.6,333477.1395404442,114.54328891238242,114.54328891238242,0.0,0.11508540902342923
2661972,29.0625,115.1161,1518.48,1796203,27.9994,117.9922,1906.63,304811.30845852155,112.12614729887399,112.12614729887399,0.0,0.14561610487675128
2709047,25.2033,117.7856,1501.92,610241,23.5206,121.067,3765.24,381407.23711382755,118.6915862266331,116.08099323011326,2.6105929965198413,0.09635619630329477
2805052,28.5828,114.5831,1468.69,1475949,27.9042,117.6972,2111.42,314228.97970645357,103.1535475387589,103.1535475387589,0.0,0.13753357138004535
2875669,27.1647,119.4947,1445.38,636879,24.31,121.4161,3659.19,371194.8547059653,148.34949207810965,116.55810658834565,31.791385489763996,0.06829236289200966
2969923,28.7033,114.7372,1415.69,1415715,27.8603,117.7833,2156.67,312648.041075934,106.72012476479023,106.72012476479023,0.0,0.13974561631882593
3471765,24.9597,117.9011,1271.4,653827,23.2842,120.9925,3589.71,364859.1567386307,120.06477996934498,116.02525355802496,4.0395264113200255,0.10616252784784141
1524294,30.3275,110.7281,2076.92,3529330,29.3953,113.687,1256.11,303563.5885812368,109.2240879793859,109.2240879793859,0.0,0.1403273204147228
3632214,27.5197,120.1067,1229.3,580863,24.3833,121.2319,3880.15,366440.33625118976,161.87240507689353,116.65004339917837,45.222361677715156,0.05435603673997085
1282685,39.7268,-122.8726,2270.15,669355,38.2862,-119.6512,3526.23,321121.19167355564,118.89869052500089,118.89869052500089,0.0,0.1734876776640508
1498284,39.5219,-122.9369,2094.89,722248,37.8469,-119.5106,3309.52,350865.8607356339,120.97793682692922,120.97793682692922,0.0,0.12865443968390997
1548381,39.6644,-122.8526,2060.45,655519,38.1445,-119.5477,3582.92,332148.28005295014,119.53625897196655,119.53625897196655,0.0,0.15700168634284067
1669001,39.4912,-122.7342,1982.11,657633,37.635,-119.3947,3574.39,356197.13445328106,124.35719087934648,121.02790778389472,3.329283095451757,0.1258475741278662
1837961,39.4299,-122.7757,1883.05,549608,37.7394,-119.2716,3997.15,357868.37019368296,120.57973893723036,120.57973893723036,0.0,0.13200798969204391
2011436,36.1456,-121.419,1790.4,798209,38.8451,-120.1581,3042.82,320109.4829829705,19.95269760023336,60.48807373302239,40.535376132789025,0.0958058511812898
1464594,39.8462,-122.9646,2119.58,2035335,37.9686,-120.1197,1778.51,322744.32420077943,129.4018194519762,121.20561867440881,8.196200777567384,0.12560107068867327
3238512,37.3469,-121.63,1335.63,853061,35.8651,-118.3614,2890.11,335042.1902947461,118.47280436109712,118.47280436109712,0.0,0.12718706095935364
3322869,38.9744,-122.7658,1311.86,546483,37.6891,-119.1995,4008.42,342296.286628712,113.56234917215147,113.56234917215147,0.0,0.14208653051242312
3566667,37.4777,-121.5561,1246.33,754944,40.4882,-121.505,3187.29,334781.2867353981,0.7399475165807607,59.91714833765471,59.17720082107394,0.053573110236831874
3855281,37.8817,-121.9144,1173.48,442657,36.656,-118.3112,4385.46,346719.1280203871,112.04604530622781,112.04604530622781,0.0,0.14265899165070134
3908416,36.8905,-121.1777,1160.68,989547,39.5936,-120.647,2618.23,304121.3385896446,8.60243616421153,60.1738606569665,51.57142449275497,0.07902594766564716
3927263,37.1109,-121.8443,1156.11,432951,36.5785,-118.2924,4418.99,321542.1369899328,99.54020407635574,99.54020407635574,0.0,0.17632202222963383
4526403,37.5075,-121.3744,1025.04,1047776,35.7823,-118.5851,2531.36,314183.6080499359,126.78838079660369,120.09609766435413,6.692283132249543,0.1376698908036333
6478839,38.3063,-122.1716,688.54,767004,37.0886,-119.0166,3144.93,308824.4819176984,115.03137553503711,115.03137553503711,0.0,0.15597385827152205
6979869,37.8157,-122.0619,620.27,510527,37.1038,-118.7194,4139.79,305438.95055559237,103.99879883918493,103.99879883918493,0.0,0.18326644196322675
643492,36.2716,-115.6956,3632.0,553872,38.9858,-114.3139,3981.6,325398.355581018,21.538713640752604,60.43580188722564,38.89708824647303,0.1376899418609395
664619,38.6081,-111.7394,3545.74,454181,37.8392,-107.9917,4344.92,338331.47453220445,103.47153219106183,103.47153219106183,0.0,0.190621020301075
670714,38.7132,-111.6464,3520.44,461974,38.004,-107.7924,4316.88,345139.49349909596,102.00572200444034,102.00572200444034,0.0,0.1804358595225223
508563,37.0627,-118.4191,4147.11,674579,34.0993,-116.8249,3504.9,359656.5843254935,155.90188771882998,119.90058218501939,36.00130553381058,0.10456169294020101
588510,35.3464,-111.678,3850.54,679664,37.9565,-110.7908,3483.25,300823.1824943523,14.990541811275403,60.81156011217391,45.821018300898515,0.14694346852597
765158,42.1856,-113.6612,3151.33,830945,39.3881,-113.3164,2947.11,312418.35122479504,174.55538417671053,122.46918063681827,52.08620353989227,0.10157404705045653
998990,34.2567,-117.0079,2603.3,1117410,35.1176,-113.8681,2442.36,302601.9382619923,70.66971679205481,70.66971679205481,0.0,0.17725939165868898
795339,30.9903,-115.3739,3051.87,1191087,31.7711,-111.5958,2359.76,368991.07166608766,75.41286951317959,75.41286951317959,0.0,0.10301145227980883
512419,37.7834,-118.3432,4132.78,1320322,35.7267,-115.9156,2236.01,314737.17541158834,135.8666185447584,120.21975319468542,15.646865350072972,0.16549035708781412
1521438,34.6973,-119.6547,2078.74,557806,37.813,-119.2082,3966.97,348754.0237546101,6.4606874656211115,61.06434734964258,54.60365988402147,0.06615328486218139
473569,36.5234,-118.2395,4275.12,1616946,34.8724,-115.5579,2015.03,303853.57192032936,126.37814570758846,119.66972119393506,6.708424513653398,0.186321245572149
474737,37.0702,-118.4691,4270.86,1763760,34.6749,-116.8152,1925.12,305186.1315394279,150.28440534874,119.90384017074234,30.380565177997653,0.14706312829767845
884575,31.0919,-115.4886,2815.51,2319339,31.2381,-111.9372,1650.73,338282.25157928164,86.32735146628463,86.32735146628463,0.0,0.1178481925449605
2372686,34.1592,-112.5783,1628.85,855023,31.6962,-110.8481,2884.93,317920.8069278468,149.0009530250814,118.73259667842017,30.26835634666122,0.11210167617824168
2504543,37.7181,-119.8958,1577.04,946786,34.8128,-119.1454,2691.69,329981.5412616689,168.01273975823742,120.19031943810766,47.822420320129766,0.06805608547584473
723750,33.8148,-116.6795,3303.73,2805591,34.4212,-113.3821,1468.53,310929.83144711104,76.55438916624524,76.55438916624524,0.0,0.1524249253636881
1409767,31.2256,-115.5197,2161.4,3524169,30.9458,-112.1917,1257.48,318425.9802578555,94.74599464747386,94.74599464747386,0.0,0.12355747551364783
1568115,34.5108,-119.0756,2047.04,3812081,32.5794,-116.6889,1184.15,308276.0339963974,133.4903083176665,118.86461857433017,14.625689743336324,0.12234855935622407
452997,38.6739,-106.2461,4349.19,550597,35.9625,-105.6451,3993.49,306139.9391207866,169.8194149268957,120.63173687077335,49.18767805612234,0.15141571313513733
688587,38.4171,-111.4793,3446.07,701483,39.3867,-107.8663,3392.42,330686.2933374976,69.8449555216589,69.8449555216589,0.0,0.17539322477457397
751225,30.9875,-8.7736,3200.84,743161,32.1147,-5.8772,3230.66,301705.0362839151,64.70167849579491,64.70167849579491,0.0,0.20790063168656914
653802,31.2669,-7.5894,3589.84,1357647,33.1983,-5.2717,2203.61,305997.9694307358,44.81570511299286,62.2651178827432,17.449412769750325,0.16567971202120477
682286,37.0533,-3.3117,3472.3,1922012,34.4836,-1.54,1836.81,327391.30342026893,150.25469869513887,119.89650069987944,30.358197995259445,0.10832252595298543
916484,37.0908,-3.075,2749.25,2177854,34.6608,-1.0394,1711.37,326548.80864311795,145.2308622328864,119.91279554324166,25.318066689644752,0.10567599022852163
1316169,37.33,-2.845,2239.58,2416281,34.7228,-1.1017,1611.66,329563.5416341125,151.08020737957833,120.01751321302004,31.062694166558288,0.08535550979556328
648784,30.9644,-8.4433,3610.72,2428167,33.0925,-5.825,1606.84,341906.60113711393,45.51977201140001,62.36092828903077,16.841156277630773,0.11099517720308322
1537694,36.9042,-4.0386,2067.55,2538602,34.3306,-2.6697,1564.19,311766.6679771126,156.2151255578751,119.83203670339331,36.3830888544818,0.09125397498372062
2362058,36.9828,-4.3117,1633.25,2643668,34.8308,-2.1947,1525.16,305944.21984501,140.82645706447394,119.86595528837752,20.960501776096407,0.11696109381786611
1480287,35.0147,-4.9206,2107.98,3072934,36.9953,-2.3011,1384.02,322501.0676281433,46.1709468577507,60.94182757578109,14.770880718030384,0.11082336547937978
1573660,37.6747,-2.1997,2043.25,4029910,35.0081,-1.69,1132.03,300004.4657067337,171.09527768803545,120.1708145127896,50.92446317524585,0.07433555368417219
900701,42.5144,1.3853,2781.47,3178785,39.8061,2.8533,1352.84,325244.77185465733,157.3141750864167,122.66059477398792,34.65358031242877,0.08647696808638668
844719,42.4875,1.7619,2911.16,4598354,39.6339,2.4864,1010.68,323063.7753436274,168.9233584436994,122.6447983958115,46.27856004788791,0.06887019945439549
1291037,39.8944,16.2156,2262.22,1087744,40.1242,20.4325,2478.97,360021.20486919244,84.57630905923408,84.57630905923408,0.0,0.10434108989606114
1181029,37.9403,22.3967,2370.57,1109116,35.2264,24.7708,2452.65,368750.62724589376,144.19974906664203,120.29090251059253,23.908846556049497,0.07549335692386726
1153866,36.9531,22.3503,2400.44,1433095,35.1181,25.4972,2143.22,348821.7095749126,124.86122547887484,119.85312186743724,5.008103611437605,0.1099522216328456
1395684,36.9564,22.3217,2172.63,1443124,35.0928,25.4711,2135.87,350903.8984766038,125.25654361135247,119.85454679086052,5.401996820491945,0.10453121726176573
1351720,41.3769,23.6206,2208.92,2054684,39.6994,26.8569,1769.3,331000.3687178703,123.23584989309576,122.01341163161088,1.222438261484882,0.12047010392308931
2084231,38.0483,22.42,1754.71,1344041,35.2983,24.1164,2215.13,341148.1509357286,153.16478493475145,120.3402301804989,32.824554754252546,0.07548512387716082
2074063,41.2175,22.2867,1759.67,2119801,38.6264,23.8411,1737.73,317131.8626390911,154.79194231515328,121.92601868712009,32.86592362803319,0.09044392785384767
2154227,39.0169,22.7069,1722.11,871132,41.7253,23.4958,2845.99,308482.2894989717,12.257795454889884,59.20416133218863,46.946365877298746,0.09263111615661339
1395379,41.1594,22.2094,2172.91,2868810,38.5892,23.9144,1447.56,320680.6660014961,152.46867771594404,121.89435976858778,30.574317947356263,0.09116796266037036
1723159,40.9144,24.0897,1949.16,3415051,38.5572,26.0044,1286.45,309020.6510230639,147.39303216944424,121.76199229044582,25.631039878998422,0.10558561559911303
626687,37.8061,35.1483,3700.39,986637,33.9506,35.8886,2623.33,433864.3174967169,170.9380100907956,120.23000955023227,50.70800054056332,0.025167030317406087
694501,37.3453,34.3595,3421.18,1102793,34.2072,36.6186,2460.06,404061.5900232888,149.04572162394305,120.024257357152,29.021464266791043,0.05417789483345704
1156756,37.8969,35.3719,2397.01,784801,34.3011,36.1156,3085.69,405374.4947773195,170.29186639078662,120.27116136405414,50.020705026732486,0.031771203535975394
1187835,37.2383,31.8639,2363.32,690201,37.8931,35.2097,3439.59,303732.064495436,75.11468337824277,75.11468337824277,0.0,0.19724151250974886
1204939,38.3606,39.235,2345.51,1125377,37.8578,42.6489,2432.72,303857.5984127403,99.54519529726733,99.54519529726733,0.0,0.17145092755289978
1278764,38.1728,38.96,2273.44,735765,37.9564,42.84,3258.22,340502.636002038,92.85410632375252,92.85410632375252,0.0,0.1423786286820954
1310433,38.0442,38.8325,2245.11,985517,38.0706,42.4489,2624.99,316624.3779293572,88.35409587759683,88.35409587759683,0.0,0.15748416253179698
1319886,36.8086,36.3903,2236.33,985497,34.0494,36.4919,2625.02,306946.90016970993,178.25178655122687,119.7909747545046,58.46081179672228,0.08062434277461786
1320992,38.0717,38.9717,2235.44,663060,38.0128,42.8869,3552.11,342900.0494009241,89.88725951954244,89.88725951954244,0.0,0.14546824530088162
1333514,38.29,39.3786,2224.3,734327,37.8122,43.0953,3263.49,329724.59775471844,98.12297696864454,98.12297696864454,0.0,0.15519063437895983
1334194,38.1278,38.9442,2223.76,643927,38.06,42.953,3630.15,350865.5742066024,89.99367378635478,89.99367378635478,0.0,0.13742902883164515
1365447,37.9808,38.7408,2197.41,923737,38.1194,42.275,2735.04,309829.3541774013,86.06051143995545,86.06051143995545,0.0,0.16844247192023273
1401116,38.5917,39.593,2168.08,744130,37.5172,42.9075,3226.96,313816.8838702867,111.34919136556472,111.34919136556472,0.0,0.17453809108138632
808153,36.5442,29.5678,3012.71,2434966,34.9536,32.9969,1604.1,356397.78864576155,118.7395449874735,118.7395449874735,0.0,0.10059605651463635
906084,36.8,30.2661,2770.46,2975747,34.9203,33.1922,1413.85,336451.4949918437,127.53697529606296,119.78729122845189,7.749684067611071,0.1116520948687316
4549016,35.3194,33.1617,1020.49,886739,33.4133,35.8556,2810.61,325642.01916230883,129.83572755453307,119.17775011697861,10.65797743755445,0.12559600799604434
227862,42.6969,44.5181,5025.24,649606,39.8881,46.0978,3607.0,339046.55564800877,156.5678877469402,122.76841299545272,33.79947475148748,0.1461375830292891
593104,41.3856,47.3256,3833.0,779573,38.1858,47.4961,3102.44,356099.26147822756,177.6003862699848,122.01820421076263,55.58218205922216,0.06881453272349436
771899,38.3458,45.53,3128.0,790919,35.7406,46.6147,3065.8,305255.69258323987,161.2879764650496,120.4776160591659,40.81036040588373,0.13215218179776242
835862,38.7517,46.84,2934.0,726380,41.5494,47.15,3294.0,312202.9568690265,4.741592207846886,59.33131084880448,54.589718640957585,0.10015521405445797
891593,33.3933,46.7811,2800.37,773247,31.8711,50.1953,3123.87,361724.560855682,116.96874396908018,116.96874396908018,0.0,0.12250243310258564
916076,38.8108,46.968,2750.0,552389,41.9111,47.0811,3987.0,344870.5275445413,1.5558165249834548,59.30313515382373,57.747318628840276,0.07342365551358729
684291,38.2372,44.3992,3464.14,1053627,36.3019,46.8067,2523.6,302785.4852493309,134.55425703970363,120.4272066422658,14.127050397437813,0.18102560120033362
1072015,33.2042,47.1083,2499.12,773560,31.1256,50.2761,3122.69,377233.1929084392,126.92836116144213,118.38616273808327,8.542198423358855,0.0987443228755395
1121844,38.6006,48.4581,2437.0,66440,35.9544,52.1105,5598.75,436976.6006667502,131.1996262673504,120.59706536859356,10.602560898756849,0.08343768934756036
1741114,32.9161,47.2906,1938.49,1275196,30.9769,50.1639,2276.76,346373.9813433757,127.73003299199601,118.28504058935187,9.444992402644147,0.10599836444529885
2846314,36.3956,41.8567,1455.03,1002198,35.7736,45.2286,2598.78,310780.2032988227,101.8610556343052,101.8610556343052,0.0,0.1527273401283233
577358,32.9633,50.5122,3893.55,707994,31.7772,53.7175,3365.95,328631.64650679624,112.79533268520859,112.79533268520859,0.0,0.18410727367035026
723176,30.555,57.2608,3306.07,679599,28.0761,60.0111,3483.49,383481.3567771516,135.26803548831208,117.51182112248492,17.756214365827162,0.09938269236048827
736999,30.5661,53.3103,3253.42,597694,29.5792,56.4547,3814.7,321845.51005295874,109.1418356541463,109.1418356541463,0.0,0.19512694469531
652743,36.5644,50.4422,3594.02,754037,33.6228,51.6167,3190.27,344093.83907985035,161.5680982876197,119.6870384662364,41.8810598213833,0.09692657798151201
512567,36.3144,50.7528,4132.27,793901,33.2167,52.2183,3056.23,369532.26612294797,158.3403669343331,119.58203428814384,38.758332646189274,0.08341891617093015
566722,36.1089,51.1842,3933.96,833147,33.1994,52.6931,2941.44,351716.66666993825,156.46387871411576,119.49676718391498,36.96711153020078,0.09816379010679897
628681,36.8408,50.3842,3692.33,851992,36.8367,55.2853,2892.98,436111.86842934706,88.59001423496161,88.59001423496161,0.0,0.06250435206939282
870327,33.7556,59.8589,2847.9,593196,33.6703,63.4972,3832.6,336641.0268042074,90.60398411689575,90.60398411689575,0.0,0.16927646080365122
878105,33.105,57.4969,2830.26,797993,29.9792,57.6095,3043.4,347736.61165142054,178.21185442559866,118.35116995938934,59.86068446620931,0.05875484451849724
907518,32.7297,59.9,2767.4,647867,33.6597,63.298,3614.41,332642.9657418828,70.9637921949571,70.9637921949571,0.0,0.16799405747361615
911942,32.8494,59.7531,2758.61,660416,33.5683,63.1322,3563.0,324359.09944607475,74.81181204300492,74.81181204300492,0.0,0.17761859906444447
673424,28.8272,58.0058,3509.53,925907,31.7617,59.9089,2730.87,373955.615719461,28.772077514838298,62.99578133837811,34.22370382353981,0.0741165330418095
727455,31.5347,56.2328,3289.69,940724,32.6692,59.4042,2702.8,324250.147955824,66.26856564246066,66.26856564246066,0.0,0.16463775784038223
950007,36.3506,55.6281,2686.06,833818,33.5331,57.2281,2939.54,345557.48776116985,154.5755703280702,119.59715195885343,34.97841836921677,0.09087520957442681
780982,28.4319,58.4194,3097.96,970573,31.6256,59.2689,2649.94,364413.2858121703,12.757720308119096,63.10549167100374,50.34777136288466,0.05576319022683675
835231,29.4833,57.8811,2935.52,1012913,32.4031,58.9995,2581.97,341730.73815368104,17.901374070545536,62.808500091487396,44.90712602094186,0.07688022695549833
1015895,32.1086,54.7675,2577.69,610964,29.7692,56.4092,3762.43,303604.0523793056,148.53015089772455,118.00967664325621,30.520474254468354,0.1623447903908169
502104,36.5117,50.6986,4170.56,1024165,37.0933,55.6314,2565.48,443871.2006000195,80.15035137195483,80.15035137195483,0.0,0.057246858153361606
808104,31.7147,55.9925,3012.92,1100598,32.2981,59.4472,2463.2,332130.5644094532,77.82490878147756,77.82490878147756,0.0,0.14520036631419933
743071,31.2125,56.5519,3231.02,1186451,31.855,59.7106,2365.0,307759.1317353701,75.75477094706117,75.75477094706117,0.0,0.17741239847398907
1206070,33.9408,59.29,2344.52,657934,34.4661,63.0289,3573.2,348745.9670291088,79.31107219280823,79.31107219280823,0.0,0.14049269928227165
1223400,33.3003,54.9889,2326.79,1128048,35.9522,55.9411,2429.89,307474.27028044383,16.191687720229858,61.57976261461485,45.388074894385,0.09808102111396157
1269699,35.7386,55.39,2282.26,748313,36.4267,58.8478,3211.42,319993.23129038926,75.15262022893602,75.15262022893602,0.0,0.16756085237065618
707713,33.4869,51.6353,3367.23,1277717,35.3339,54.4706,2274.36,331382.19098080735,50.910853036441935,61.513102532762446,10.602249496320496,0.14097044323480198
695612,30.1667,57.44,3417.0,1330969,32.9247,58.71,2226.46,329435.20579248416,21.096912545375293,62.60634792284719,41.5094353774719,0.09376284436724408
450783,36.1692,51.5031,4356.94,1449013,37.4281,55.9275,2131.12,418021.73877859913,69.12163894160146,69.12163894160146,0.0,0.07101739916736168
879375,35.2594,49.8108,2827.12,1539659,33.9147,52.8244,2066.22,313766.4193464914,117.59612499841435,117.59612499841435,0.0,0.15638593544085938
560786,35.8844,51.42,3955.95,1642586,33.475,53.4397,1998.59,325379.197744776,144.84051308437338,119.4046809825086,25.435832101864776,0.12870629710664655
317095,36.3753,50.9608,4775.25,1802380,37.2597,55.7475,1903.32,437243.6622677679,75.57661527935488,75.57661527935488,0.0,0.05804596046847379
738189,36.3136,53.9778,3248.94,1848208,39.6736,54.5436,1877.44,376887.6537546905,7.386288917899062,60.4182994732229,53.032010555323836,0.03965199817632843
105936,35.9303,69.9414,5422.37,93075,39.5656,70.22,5474.65,404967.5363444282,3.3830401235286507,60.57658129911817,57.193541175589516,0.07859519546224157
280388,36.2861,69.8314,4878.92,103233,39.6044,70.5189,5433.22,373866.5474115189,9.069219972372084,60.42976383390675,51.360543861534666,0.10647394795456522
287266,36.1022,69.9144,4859.41,178069,39.5878,70.1039,5172.21,387937.5627268363,2.40052401630461,60.50599706865172,58.10547305234712,0.07978988215543462
299351,35.2875,68.7422,4825.3,172551,39.3289,70.0447,5189.77,463896.62363135046,13.986337636526565,60.83485987001495,46.84852223348838,0.042701462216936034
284481,35.0833,68.3094,4867.37,301937,39.2683,69.3567,4818.13,474500.19386069756,10.96277477315679,60.9150746563769,49.95229988322012,0.03246954967602876
340644,39.2572,69.12,4708.26,57303,35.5864,70.1639,5651.36,418445.0638360028,166.9535083088511,120.91265789075848,46.04085041809262,0.07706270223161367
382010,39.2781,69.1272,4586.74,207495,35.8447,70.0531,5083.28,390395.10452858225,167.6490834907782,120.92289130350876,46.72619218726942,0.08946652847994746
250264,35.1544,68.4764,4962.85,383306,39.2867,69.3564,4582.58,466042.86259861605,9.360562899728146,60.88724362442636,51.526680724698224,0.03387148309715143
385083,33.4383,67.8914,4577.1,361200,35.2542,70.7133,4649.34,328437.4419114761,51.27782851999296,61.53052754380999,10.25269902381703,0.22231933269114634
385485,35.3292,68.6067,4575.92,243123,39.3469,70.1369,4982.79,466758.58876117814,16.3869213063042,60.818371667992736,44.43145036168852,0.039418143263692494
391948,35.2781,68.8808,4555.43,223446,39.335,69.7539,5037.67,457660.68453578313,9.45126432829276,60.83857158418084,51.38730725588809,0.038419098725872694
424971,34.1033,69.8739,4446.51,13,35.2386,74.5894,8104.31,449277.4573351104,72.3502773952583,72.3502773952583,0.0,0.15735658360020535
430647,38.9919,67.8617,4426.98,334842,35.1839,68.6117,4724.75,428619.06579885475,170.8431115603977,120.78377345050957,50.05933810988813,0.051049623318230986
443072,39.0131,67.545,4384.02,610,36.1786,70.9831,6849.26,437070.8427896736,135.07676699660252,120.79400368851609,14.28276330808643,0.1303002688134115
457399,39.0825,67.6689,4333.34,293506,35.2264,68.7808,4841.5,439944.5097794049,166.71849126457332,120.82757658266986,45.89091468190344,0.048948210203461184
468749,36.2453,69.4419,4292.61,77572,39.5733,70.5981,5543.61,383695.88674641924,14.975802345063254,60.44674171683067,45.47093937176743,0.10067277618531117
471530,38.8642,67.5406,4282.46,109,36.4328,71.83,7460.3,464353.5183065394,124.27390647085343,120.72240157093138,3.5515048999220653,0.123236245010141
474444,34.1447,69.4055,4271.91,258750,34.7244,73.725,4939.07,401319.9482132461,79.54061568075322,79.54061568075322,0.0,0.1383779884226009
481565,35.3269,66.7597,4246.03,411432,39.0881,67.9208,4492.08,430669.6126377664,13.464794526744516,60.81928204298503,47.35448751624051,0.04847317411023247
508400,38.985,67.4839,4147.67,212942,36.1206,70.0972,5067.79,393045.1840207174,143.31772979851897,120.7804463620374,22.537283436481573,0.12382865494685281
523322,38.7417,67.5178,4092.73,62,36.2544,71.8417,7695.1,471072.7661794242,124.61258148557025,120.66393069328821,3.9486507922820238,0.11782213664818204
523443,38.8725,67.6072,4092.33,4570,36.16,70.9828,6322.0,423738.1947687462,134.33318170169963,120.7263774701757,13.606804231523938,0.1302755099845855
524157,34.1619,69.4878,4089.69,253523,34.78,73.7456,4953.7,396286.9469341172,78.81253246708533,78.81253246708533,0.0,0.14168062580526525
525190,35.7833,69.47,4086.03,159686,39.5156,70.1397,5231.82,419175.8185277328,7.882689886916701,60.636429405646,52.753739518729304,0.05598331489773675
537333,35.5794,68.1992,4041.85,349498,38.9717,70.6683,4682.69,435858.4160416357,29.33780397671315,60.71866998217642,31.380866005463275,0.0637463915869638
570438,34.0522,69.38,3919.62,53852,35.3828,72.8044,5672.78,346166.36198735784,63.73048385988895,63.73048385988895,0.0,0.22047915336650106
572565,35.5333,67.6275,3911.55,521359,38.5122,70.5539,4100.14,420913.0617633918,37.23572151818541,60.737140274136635,23.50141875595122,0.07608502654819008
588936,35.4619,67.5253,3848.85,539837,38.2625,70.4297,4032.75,404600.9814034933,38.82095057129774,60.765657797226616,21.94470722592888,0.09030736616916404
598239,34.2292,69.4639,3812.49,168619,34.8222,73.7244,5202.28,395803.9086629631,79.20756288393135,79.20756288393135,0.0,0.14363533419673313
615944,38.6183,67.3033,3743.13,15420,37.0211,71.7153,6046.31,426232.4121854703,113.25621483475555,113.25621483475555,0.0,0.12707276483332192
660159,39.5497,68.2983,3564.04,517765,41.4981,72.907,4113.47,445645.1688305928,59.43475109257953,59.43475109257953,0.0,0.07192507255785861
672669,32.6036,69.7039,3512.92,442010,34.2297,74.0283,4387.7,440154.3822717631,64.56793176416046,64.56793176416046,0.0,0.08002679333265382
753092,39.6561,67.718,3193.91,460176,42.1933,70.7678,4323.42,381059.6246841042,41.25619305614089,58.88997777198762,17.63378471584673,0.11618708130891431
759769,35.7422,65.8392,3170.34,354455,39.0011,68.4897,4668.76,431426.59400973364,32.07999502631033,60.6530786314104,28.573083605100067,0.060725279393000785
797957,35.9072,65.8006,3043.5,367006,39.0933,69.0186,4632.23,453911.75924542936,37.735894486660776,60.586017132921356,22.850122646260587,0.05083309638066842
864361,33.22,60.2475,2861.96,673262,33.3836,63.7633,3510.21,327233.2279295504,85.84894803540482,85.84894803540482,0.0,0.17405035125061658
929552,35.4039,60.0408,2723.71,762453,34.0172,63.09,3160.99,318502.195392011,118.07791522333518,118.07791522333518,0.0,0.17507687021275586
999565,34.9586,60.1056,2602.49,677651,34.0158,63.2944,3491.78,310476.50384574424,108.82505323034113,108.82505323034113,0.0,0.1926581458709483
1052259,32.0406,60.2175,2525.63,625509,32.9064,64.0145,3705.17,368946.3477264052,73.86107660877052,73.86107660877052,0.0,0.12278712636545372
1419276,36.6047,67.3328,2153.83,281073,37.9561,71.0242,4876.91,359472.47052543797,64.18249193680076,64.18249193680076,0.0,0.15370404147229016
580102,29.1586,57.3228,3883.06,1467774,31.2983,60.0447,2117.11,353516.96399773983,47.025152297302355,62.902003201500065,15.87685090419771,0.11356079662336538
1477349,35.5022,60.9033,2110.37,678874,34.6267,64.3608,3486.63,329372.103293856,106.19180452124175,106.19180452124175,0.0,0.15911100835222844
1575453,30.6481,60.585,2041.99,1188951,29.3453,63.4475,2362.01,311390.85917440755,117.00158405737376,117.00158405737376,0.0,0.15516425571469747
869022,30.8742,56.9489,2850.96,1629970,30.3981,60.1711,2006.5,312782.2979218186,98.92040077712768,98.92040077712768,0.0,0.15657691655241038
1983067,32.2258,60.5933,1805.01,555401,33.0347,63.9758,3976.03,329257.79413476243,73.23987149392445,73.23987149392445,0.0,0.16598580394935347
2274457,31.8814,60.6317,1669.41,643936,32.9297,63.7331,3630.13,313605.9228340966,67.355035360565,67.355035360565,0.0,0.17677683838597483
300,30.3133,79.7775,7112.27,10,28.6981,83.4894,8135.91,401576.7921552333,115.64121960147338,115.64121960147338,0.0,0.264560629770134
407,36.6594,72.1617,6997.06,1,35.8808,76.5125,8570.56,399499.9627506754,101.22140651689975,101.22140651689975,0.0,0.27780695295930535
493,38.5011,72.3583,6922.83,34,36.2058,75.2075,7829.26,358518.20001276024,134.51011136079288,120.55022250934805,13.959888851444816,0.30100625460763014
392,36.4019,71.8761,7009.98,805,36.1403,75.44,6758.25,320800.2976693857,94.14602916776168,94.14602916776168,0.0,0.33961008087463107
947,38.5681,72.3819,6710.01,30,36.325,75.1878,7864.82,351485.968480945,134.33698950060167,120.58173695471977,13.755252545881888,0.3090710548966413
1446,30.3394,79.8803,6597.16,280,28.6747,83.2753,7145.94,377069.82943669497,118.55325750451024,117.4459086664752,1.1073488380350227,0.26180572107827865
5005,35.1425,74.4153,6301.62,104,34.8044,77.8047,7479.54,311089.47810033266,95.96716881445933,95.96716881445933,0.0,0.364971099750892
10277,32.5206,79.1453,6139.37,321,30.0058,80.93,7081.9,327046.7491164241,148.2904947997183,118.1487043682304,30.14179043148789,0.27566239156226907
249,36.3481,75.0244,7188.58,14030,34.0294,76.7936,6068.13,303832.9491159201,147.53949413104453,119.59610697860668,27.94338715243785,0.30870879351036745
20017,35.8169,72.2883,5981.0,41,35.6431,76.3075,7784.64,363283.92319378175,91.87408914183158,91.87408914183158,0.0,0.28945505362815493
8257,36.4603,74.0911,6188.9,25233,34.1033,75.7197,5917.96,300889.52821628284,150.10108736655508,119.64314374807887,30.457943618476207,0.2850622064944653
26371,35.6786,72.7808,5905.02,16,35.725,76.6983,7994.3,353754.53590835835,88.02134830012241,88.02134830012241,0.0,0.30819437203959676
41577,36.2997,74.0172,5761.67,328,33.9822,76.0244,7072.66,315759.77064139,144.1096153478582,119.57590370424549,24.53371164361272,0.300847061056887
77538,35.4714,72.7419,5543.77,14,35.8206,76.5645,8050.52,347565.23039000906,82.47430487583348,82.47430487583348,0.0,0.3128398957546043
185257,36.3017,73.9461,5149.4,359,34.0133,76.055,7041.1,318578.0704567127,142.3917856706114,119.57673751378567,22.815048156825725,0.2885574539861574
491367,34.9392,67.8983,4210.42,520871,37.9392,70.3278,4101.95,398095.9478703464,32.36935807986258,60.97115886857914,28.60180078871656,0.09166807191804105
321205,35.0256,68.1914,4763.3,673836,38.6978,70.1533,3507.9,444036.9494045986,22.56114312383895,60.93758326278429,38.37644013894533,0.04429686125649527
943083,33.0297,74.9625,2698.61,643040,30.8706,77.4803,3633.72,337718.3856825752,134.63042353743998,118.32473009468008,16.30569344275989,0.14609965638604425
704357,34.425,69.4389,3380.49,1313166,34.3,72.7086,2242.41,300432.66657832393,91.72794627706433,91.72794627706433,0.0,0.18662742572017657
366321,33.4886,74.8247,4634.24,1622353,30.9075,77.063,2011.52,355964.96569222934,143.12553252806413,118.48750779497058,24.638024733093545,0.10625876003962058
482113,34.8633,69.9239,4244.06,2464180,33.8078,73.1075,1592.6,314976.2963410722,110.97234303855613,110.97234303855613,0.0,0.1627208352191143
2813735,33.0594,71.3014,1465.91,448142,33.4397,75.0358,4366.33,349811.83013144374,82.03557304218988,82.03557304218988,0.0,0.1431376461465881
402940,33.5064,74.8031,4519.53,2927583,31.2028,76.7489,1428.92,314654.15007263684,143.96526506358896,118.49390158097941,25.471363482609547,0.13694690090487138
2944745,33.0953,71.4133,1423.5,605193,33.3439,75.0678,3785.35,341056.99082648224,84.35153311682113,84.35153311682113,0.0,0.14047647358039944
4112083,32.7906,73.0867,1113.27,23433,32.4575,77.0372,5939.04,371796.2754373283,94.64957998391901,94.64957998391901,0.0,0.14453664029849728
4792293,32.8586,73.4383,972.84,8978,32.4331,77.0547,6170.75,341869.53861109744,96.97634204623196,96.97634204623196,0.0,0.18694095064289845
7879670,31.9664,72.7028,509.62,1768,33.6067,76.1311,6547.09,368714.1261406232,59.43444004104591,62.037610191751334,2.6031701507054095,0.15024366175701337
1989,32.0206,78.7831,6517.6,2070,30.2503,81.375,6509.78,315581.79327417514,127.91237008533665,117.98037146714675,9.93199861818988,0.32648425114843116
3225,32.0375,78.8186,6406.54,3275,30.2506,81.3922,6402.92,315364.5824948691,128.37895316103203,117.98598883062108,10.392964330410962,0.3213137142598309
729,35.5925,82.2186,6786.9,3780,35.6633,85.6178,6368.27,307308.97177979775,87.54230701162457,87.54230701162457,0.0,0.34546386890950137
4061,36.1494,79.4364,6350.73,270926,36.8567,84.1656,4905.18,429907.4391699224,78.05879130027485,78.05879130027485,0.0,0.13555693985887443
99,38.6167,75.1947,7497.18,355463,36.5469,80.1511,4665.86,493584.4439365594,116.25882038480623,116.25882038480623,0.0,0.08580765543585457
298264,38.3669,76.1178,4828.34,364778,36.5308,80.4392,4638.75,432609.8832450221,116.82854088623293,116.82854088623293,0.0,0.10747798133174737
401132,36.4158,80.3042,4525.71,874,36.7236,84.6017,6732.92,385275.0142450131,83.62563286317011,83.62563286317011,0.0,0.20510249848209586
77,38.5944,75.315,7597.78,434897,36.5642,80.3569,4412.41,498263.5774272861,115.38019136837372,115.38019136837372,0.0,0.07893236445568731
330,30.3842,90.5736,7069.21,511,30.9039,93.785,6913.5,312598.8284085732,78.5314423575138,78.5314423575138,0.0,0.3578910930098889
418,36.4128,87.3831,6981.64,638,36.0242,90.8661,6834.64,315410.6969884354,96.84204227559835,96.84204227559835,0.0,0.34978542204001634
8592,35.6525,94.2505,6179.61,48178,38.1692,96.3906,5710.99,338377.219881287,33.57507341751159,60.68928875545406,27.114215337942483,0.23117478192989596
52823,37.6936,90.618,5679.28,44436,38.0381,95.3239,5738.86,414824.05873649387,83.26027497532806,83.26027497532806,0.0,0.16194475550030157
107195,38.3753,95.7169,5417.42,84081,35.8275,96.9511,5513.29,303702.533618596,158.5009361710531,120.49136078062614,38.00957539042696,0.23558061875896819
41201,36.2244,91.92,5764.66,128069,38.2956,95.5056,5340.7,392038.0004803566,52.95323934061314,60.45542437337436,7.5021850327612185,0.17743777378098607
130697,36.9919,91.4761,5331.45,88796,38.3144,95.6211,5492.96,393375.82168878353,66.79352691540883,66.79352691540883,0.0,0.17631735942815593
149528,37.1661,91.3917,5265.59,255381,37.6703,95.6106,4948.52,376745.8002258126,80.1643651704008,80.1643651704008,0.0,0.18231455098751329
343798,37.0733,98.6197,4699.18,234355,35.5422,101.5033,5007.32,309409.8274090578,122.52037711475387,119.90518718911068,2.615189925643193,0.2686514521686319
367324,36.9656,98.7719,4631.31,311936,35.3314,101.4983,4789.75,304848.98669886176,125.7759987850154,119.8585206403458,5.917478144669587,0.2666112003802297
413792,38.6311,94.0033,4484.36,61620,35.5903,94.8772,5625.67,346882.2996471415,166.82607560610467,120.6114752578034,46.214600348301246,0.1424856023030039
469414,38.6639,93.8311,4290.17,116362,35.79,95.0108,5382.71,336189.8757421061,161.5407465165452,120.62699860657067,40.91374790997452,0.15933033616956466
391787,33.6647,104.1103,4555.87,670891,33.9181,107.6686,3519.64,330012.3750035626,84.11415543687221,84.11415543687221,0.0,0.1959706786799718
157950,37.6928,101.5061,5237.24,686129,38.9103,105.9819,3456.24,413305.620370313,69.50411962623379,69.50411962623379,0.0,0.10787779249690525
742756,29.3431,103.0208,3232.19,799270,32.3569,104.8458,3039.89,377679.43285531306,27.005163358282847,62.849071582776276,35.84390822449342,0.0700788994749423
825370,33.7644,108.4058,2962.56,779365,31.4403,110.3072,3103.07,313844.3043983934,144.90825948178014,118.58725462104002,26.321004860740118,0.1498899541737774
281404,32.8239,103.9889,4875.97,883615,34.1219,107.1056,2817.92,323087.8433386441,62.61476518404264,62.61476518404264,0.0,0.19163593519105204
532447,37.1753,103.1519,4059.39,951429,39.0828,106.0036,2683.67,327389.6638961597,48.7505670654481,60.05036590619274,11.299798840744643,0.16439839619098373
131611,30.7831,102.9886,5328.22,1068395,32.5772,106.7397,2503.88,407129.5753488289,59.68693905857687,62.41762067624698,2.7306816176701147,0.09611838602660996
1073123,34.4169,106.4292,2497.52,1102581,34.3775,109.9161,2460.4,319942.3933813426,89.7991854467234,89.7991854467234,0.0,0.15302978948454748
1180496,34.4356,106.3294,2371.09,973468,34.2911,109.8256,2645.11,321297.097788601,91.87854726368589,91.87854726368589,0.0,0.15376719838609915
539318,28.5869,103.2447,4034.58,1204956,31.9478,104.5125,2345.49,393037.5679311875,17.72900054341134,63.06274974023013,45.333749196818786,0.04833899484854621
340281,31.7697,103.3622,4709.25,1338294,32.4975,106.6356,2220.39,318657.6876592304,74.42171575788002,74.42171575788002,0.0,0.1798401535991727
150597,29.035,102.16,5262.12,1396030,31.9114,104.6317,2172.35,397972.4290518295,35.90393724575522,62.937173035528524,27.0332357897733,0.07554860257821543
484500,28.9508,102.9395,4235.21,1475749,31.9917,104.7433,2111.61,379740.6817060417,26.625571192006845,62.96099933064704,36.3354281386402,0.06617834214020266
572670,28.8267,103.1281,3911.12,1515109,31.9975,104.5706,2083.04,378728.1507485216,21.06016131223535,62.99592157655881,41.93576026432345,0.05674948067972222
95307,31.2097,102.7953,5465.36,2208957,30.3003,106.8072,1697.63,396447.95422833285,103.74442573963391,103.74442573963391,0.0,0.09244836605082844
132323,32.6547,103.8578,5325.79,2514971,30.1239,106.6969,1573.11,389601.20001530886,135.49177826299996,118.19461236573032,17.297165897269622,0.08468550098740737
20907,29.2986,101.9064,5969.59,4417890,30.9419,104.5431,1047.1,312554.0523227754,53.57006131879234,62.861885936770015,9.291824617977682,0.17058138624244182
946153,34.1522,107.187,2692.96,1667069,34.8047,110.5228,1983.28,314239.99138358864,75.71063273428602,75.71063273428602,0.0,0.15194974577975623
1936973,37.3931,113.9244,1829.04,2624935,36.2561,117.1056,1531.93,310074.2419991625,113.1014105365573,113.1014105365573,0.0,0.13498495516997644
611243,33.955,107.765,3761.37,2997932,35.3183,110.7872,1406.91,315302.0150731881,60.412821956851914,61.342956896315016,0.9301349394631018,0.15146908817097468
2687471,38.0931,128.3428,1509.29,1512276,40.8494,128.705,2085.15,308058.34771685046,5.677665028515544,59.6392229511317,53.96155792261615,0.06976184684194658
1176002,40.5983,127.8025,2376.02,2988350,37.7533,128.6628,1409.9,324919.77415360056,166.53378616018495,121.59388053290463,44.939905627280325,0.06848834215477156
1789744,34.1736,135.9075,1910.23,820535,36.6233,137.6172,2976.67,313374.303112489,29.144224488862964,61.262044449081785,32.11781996021881,0.1196252450441127
868977,36.3256,137.7275,2851.04,4600334,38.5206,139.7281,1010.28,301283.0193231181,35.29470234135269,60.413291551449156,25.118589210096474,0.12208037372762279
4825746,33.7108,135.8606,966.43,609449,35.3606,138.7272,3768.41,320289.0237801711,54.253891175883936,61.43224463578433,7.178353459900393,0.1560096613326648
755753,35.6458,138.2283,3184.78,5447193,33.1383,139.7625,852.59,312330.7450449851,152.77465119357828,119.30801353175708,33.46663766182121,0.09762599163634791
1022348,36.7986,139.3758,2567.95,6002359,34.0939,139.5261,759.92,301056.6559149639,177.364119141989,119.78669174573221,57.57742739625678,0.06649633672476551
6101178,35.4378,133.4792,744.62,944249,36.155,136.7717,2696.7,307455.2524848948,74.008351047683,74.008351047683,0.0,0.14846466468420688
799825,35.5733,138.1836,3038.3,6424592,33.0922,139.8122,696.51,313793.9377800636,151.07759023410824,119.27888340397178,31.798706830136467,0.09423747712453184
855671,36.6244,137.7469,2883.36,1330152,39.0994,140.0486,2227.19,341390.66056196025,35.58579259969326,60.287550448378184,24.701757848684935,0.10242493590331365
1591764,39.8525,141.0008,2031.29,1565845,42.7192,142.6828,2048.62,348348.1620708451,23.240843743165133,58.79119596499454,35.55035222182943,0.06663813366304647
757132,36.2894,137.6478,3179.57,1672208,38.5486,140.0269,1980.19,327464.2385357254,39.190737223609254,60.428389001520344,21.237651777911083,0.12223774826047656
462071,41.409,-122.1949,4316.58,788481,44.1666,-121.7723,3073.91,308562.77505083976,6.273913397115444,57.96889369123549,51.69498029412006,0.12545430385144762
1126333,47.8013,-123.7107,2431.69,693330,45.3735,-121.6958,3426.26,310756.345840884,149.56461358215114,126.31386801726512,23.250745564886017,0.15889703239938685
1062449,49.8186,-123.3294,2511.73,1444106,46.916,-121.5039,2135.12,349766.37355747493,156.63729770642658,128.06288049397176,28.57441721245482,0.08214878457768165
1453792,40.5553,-122.7674,2127.5,761443,38.6636,-120.0006,3164.13,316865.9650296581,130.69906163659508,121.57124092547535,9.127820711119739,0.16318123227480694
1591525,49.5803,-125.4103,2031.47,940618,48.5376,-121.1343,2702.97,332381.40497134184,108.78733273374164,108.78733273374164,0.0,0.1364009292745103
1597777,49.8078,-125.7272,2027.47,898892,48.8313,-121.6029,2784.96,317991.5225987805,108.39016713730786,108.39016713730786,0.0,0.15621902539085714
1720278,40.4734,-122.9914,1951.02,871634,38.5382,-120.0945,2845.0,328710.9859773514,129.95726031217384,121.52827060471725,8.428989707456594,0.1387849507206956
1871650,49.7564,-125.5294,1864.26,747677,48.1121,-121.113,3213.81,370726.0849349683,117.86428255712764,117.86428255712764,0.0,0.10214780219130662
1904811,49.4606,-125.5739,1846.13,1421471,48.6627,-121.5206,2152.19,308317.9443936642,105.18355504448607,105.18355504448607,0.0,0.15143716490360404
976517,49.8497,-123.0094,2639.73,1912940,46.7728,-121.8986,1841.91,351848.15529533476,166.08176863118373,128.09174821474383,37.990020416439904,0.06469069194789812
1971813,49.4308,-125.5444,1810.66,1047370,48.8119,-121.3231,2531.97,314762.57916600065,101.02528931610382,101.02528931610382,0.0,0.15131412672423833
2288310,40.5581,-123.0056,1663.6,799181,38.9006,-120.1511,3040.08,305842.1404064644,126.13428976834317,121.5727134760974,4.561576292245775,0.17177717357997857
2438933,49.1378,-124.452,1602.54,1575698,47.4463,-121.2706,2041.86,301240.9957916577,127.4331925004168,127.4331925004168,0.0,0.15464210701615205
2630304,48.9444,-124.2167,1529.9,1643928,46.9958,-121.2851,1997.66,307494.7877367281,133.69589342861047,127.27595684581279,6.419936582797675,0.14204632160219402
2637330,49.4456,-124.9536,1527.42,931176,48.3037,-121.0292,2720.95,313788.43543932616,112.37786567557154,112.37786567557154,0.0,0.1526932320229226
2747657,49.0117,-124.5164,1488.47,942859,47.4791,-120.8331,2699.0,321553.87032349483,120.61416005098857,120.61416005098857,0.0,0.1416718832874393
2757959,48.9628,-124.2517,1484.76,1470626,46.9819,-121.3374,2115.01,309123.61464908504,134.3440685657315,127.292045938164,7.05202262756751,0.14145124639462472
2961795,49.3481,-125.4744,1418.16,1015017,49.1631,-121.2161,2578.86,309689.87698018714,92.19297484269374,92.19297484269374,0.0,0.15314614774731733
3187983,49.1186,-124.2147,1350.12,861099,47.4752,-120.9024,2870.0,305617.39737328683,125.46976682930381,125.46976682930381,0.0,0.16440295600999036
4422770,48.9109,-122.2224,1046.07,1034069,46.1912,-122.1943,2551.18,302424.0462249417,179.59005113671756,127.2467149926949,52.34333614402266,0.07713888995356893
640551,40.6987,-110.9033,3643.88,529820,43.3098,-109.6724,4068.78,307629.48945794563,18.895773711921024,58.35304605844884,39.457272346527816,0.16087316992523687
730472,46.0553,-110.3314,3278.12,611966,44.2545,-107.107,3758.79,322479.4798769565,127.22630141129187,124.97452853282894,2.25177287846293,0.19287370106594887
733634,41.0212,-114.0774,3266.24,627391,38.4017,-112.4339,3697.53,323409.50511066447,153.70709498292604,121.81946935957646,31.887625623349578,0.14354292473208086
778978,41.7902,-115.2903,3104.39,731403,43.9884,-112.9652,3274.47,309206.519658161,36.98857203259139,57.75628178693186,20.767709754340473,0.17345871722302156
805251,41.771,-115.5209,3021.18,726155,43.9375,-112.9544,3294.89,319031.4614262371,40.10562685442576,57.76710094717395,17.661474092748193,0.16508110198834866
602557,38.0246,-119.3055,3795.67,819505,40.3765,-117.5262,2979.42,303131.87911530165,29.823135419391622,59.670619280420624,29.84748386102899,0.16712833131281485
614424,46.2027,-121.49,3749.04,841945,45.1637,-117.3014,2918.46,345234.5603849668,108.04081715878354,108.04081715878354,0.0,0.1500298647796799
661634,38.4366,-119.3052,3557.93,863614,40.8605,-117.6071,2863.9,306220.1116641671,27.804775757803597,59.4800074133088,31.6752316555052,0.1527526418341264
749572,39.9662,-114.8958,3207.11,865748,41.6357,-112.0146,2858.72,305382.79565699893,51.63241117753935,58.733516222465056,7.101105044925703,0.18998703215233342
730999,39.9116,-113.8974,3275.99,875116,42.2675,-112.0964,2836.77,302315.8904997571,29.360767498037585,58.76126004782106,29.40049254978348,0.1576613570709255
630766,39.8282,-113.92,3684.12,904862,42.3341,-112.3283,2772.77,308918.50544034364,25.064564353857854,58.803476233758104,33.73891187990026,0.1449957003958492
963713,42.6237,-112.3208,2661.82,641965,39.8219,-111.7604,3638.09,315049.3089702228,171.2588968085044,122.72503111196016,48.53386569654424,0.10909745359765412
756295,50.6233,-114.9758,3182.66,1451386,48.9317,-111.5324,2129.33,310613.7143720876,125.93776854680826,125.93776854680826,0.0,0.1670416701456252
577615,42.9152,-109.296,3892.6,635561,41.3604,-106.3175,3664.61,300309.3475809839,124.13762499768879,122.8988843227313,1.2387406749574836,0.23236797433712808
970230,46.7683,-109.3566,2650.54,543814,44.3821,-107.1738,4018.18,315034.79381005757,146.58360110646177,125.50368196193938,21.079919144522393,0.1748663353532791
794761,48.7287,-113.6499,3053.49,1480244,48.1487,-109.6509,2108.0,301931.00509597245,100.83060053887479,100.83060053887479,0.0,0.17641842115043382
1130510,40.3044,-5.7289,2427.14,1048797,43.0225,-4.7308,2529.99,313397.83324197243,15.0101903192104,58.55977978684324,43.54958946763284,0.09808383724920146
1161278,43.0175,-5.9569,2392.37,1044092,40.2483,-5.2997,2536.89,312724.36698388634,169.72202514016448,122.96059651723401,46.76142862293045,0.09309563961727448
1264289,40.4992,-5.0786,2286.92,1132047,43.2017,-4.9644,2425.25,300652.8858529477,1.764958383930473,58.45821416553986,56.693255781609395,0.08673867426996927
745085,44.1797,7.3056,3223.48,635890,46.3778,10.5672,3663.29,353305.2602444938,45.08648996994715,56.31175078566535,11.225260815718201,0.14299980178320348
846000,42.5708,1.9317,2907.99,569636,44.8975,6.3964,3922.61,442168.26254804904,52.67116907601552,57.30620608715854,4.635037011143027,0.06371218693721904
888815,44.1542,6.9717,2806.56,738185,46.1706,10.4358,3248.95,352128.9471022372,49.24055349958107,56.328257206336254,7.087703706755178,0.1333062142900881
396054,45.9425,7.8703,4542.39,1083849,42.3425,8.8772,2483.58,408274.98161926,168.29796851240823,124.89294310204968,43.40502541035855,0.047149318304697194
1098883,42.6519,2.1925,2465.45,574017,45.0044,6.3122,3906.07,421379.3905941745,50.22369930785524,57.258277910022336,7.034578602167102,0.07328632387037828
509606,45.9408,7.7481,4143.22,1168565,42.4667,8.9889,2383.84,398748.14835857914,165.20345564802625,124.89171787873371,40.311737769292534,0.051264707453164256
1196925,42.1372,9.0989,2353.87,857839,42.4697,13.5644,2878.17,369049.57189421233,82.75071351647354,82.75071351647354,0.0,0.10398080172620963
1206108,42.0597,9.1336,2344.48,1109211,42.6181,13.3956,2452.53,355723.2532220002,78.51768089720275,78.51768089720275,0.0,0.10931271223728965
846715,42.3833,2.1169,2906.19,1223786,44.6536,5.7906,2326.38,389126.9218445021,48.308038837522076,57.41616018793898,9.108121350416894,0.07877212538742084
774724,42.6681,1.3969,3118.48,1797897,44.1739,5.2786,1905.75,355356.6460179218,60.56906297514013,60.56906297514013,0.0,0.10872543392821553
885483,42.5883,1.7275,2813.35,1945438,44.1228,5.8025,1824.45,370967.29000017256,61.23197847164847,61.23197847164847,0.0,0.0885549532573898
797153,42.7831,-0.2631,3046.02,1999097,45.11,2.7108,1796.67,351562.1440620005,41.59581059579999,57.18026479369635,15.584454197896378,0.0993217383909157
416077,45.9236,7.8339,4477.01,2094387,42.3958,9.3275,1749.77,409947.0966460942,162.5807774346736,124.8793287299151,37.70144870475849,0.04335766758168681
882207,42.5894,1.8733,2820.85,2408745,44.2008,5.7367,1614.45,359867.6379466738,58.826476400461615,58.826476400461615,0.0,0.09519353198940914
720344,42.6758,0.0344,3317.32,2807331,44.5672,3.0819,1467.94,323081.6559832758,48.348648511204594,57.244110714092066,8.895462202887472,0.1338699509157744
808050,44.2906,6.7042,3013.13,3057425,41.7589,8.9928,1388.72,337398.21386194247,145.75417395866444,123.76032774673806,21.993846211926382,0.09711369547296922
3176110,40.8525,9.1764,1353.65,2129967,42.8875,11.6239,1733.22,303737.65002966864,41.03666012498564,58.27116314922644,17.23450302424081,0.12573084055291686
883193,44.2919,6.6336,2818.87,5886464,41.9536,8.7003,778.44,309390.6808745328,146.4622594975714,123.76117549476263,22.701084002808784,0.11164754410580986
769274,46.2897,11.8303,3137.15,1091643,42.8244,13.275,2474.11,401946.4407790385,162.94481226531886,125.14589879585813,37.79891346946073,0.04398259611350785
761163,46.4425,11.8322,3165.06,1222701,42.9322,13.2408,2327.55,405881.8562950811,163.57846003538265,125.25896411543314,38.3194959199495,0.04017699323606286
807531,44.2839,6.9719,3014.7,1313040,45.7247,11.1306,2242.54,364038.4687074881,62.43493539435039,62.43493539435039,0.0,0.10522749288091594
1637862,40.1322,15.8331,2001.75,1463530,40.2864,19.8503,2120.4,341536.0274664256,85.82675020061384,85.82675020061384,0.0,0.1133407451564014
1271128,41.7981,13.9944,2280.89,1710853,44.43,16.5092,1956.47,356771.3332938239,34.043372191748745,57.751826718130694,23.708454526381956,0.07740861255005108
630961,46.425,7.6933,3683.29,1738049,44.1197,10.8303,1940.42,354862.08897801116,135.11608022406784,125.24596015606659,9.870120068001256,0.11249901148104213
1823589,44.2814,10.2375,1891.29,967312,46.4328,13.8211,2655.34,368212.81141355337,48.22637723412292,56.245669825596046,8.019292591473118,0.0917093310773686
897159,42.0864,14.0858,2788.46,1828905,42.5692,18.5439,1888.15,370352.354394008,80.16904439726856,80.16904439726856,0.0,0.08994714878072714
1933846,40.4122,15.8097,1830.76,1597447,40.1981,19.6397,2027.63,325623.19728076237,92.95182971668989,92.95182971668989,0.0,0.12705369041652337
1570579,41.4497,14.3719,2045.29,1944004,44.0631,16.3833,1825.21,333761.279178549,28.792994066819467,57.9464121110717,29.15341804425225,0.0853223531622177
688236,45.1597,6.7689,3447.47,1950166,44.0372,10.3233,1821.96,307823.27727303415,112.66296789957796,112.66296789957796,0.0,0.16691416921387728
1970593,42.7636,13.6006,1811.33,1475919,43.6275,17.6194,2111.44,339604.63989594666,72.20170340339502,72.20170340339502,0.0,0.11274283061922695
1210279,42.1453,13.6105,2340.07,2007165,43.9319,17.095,1792.68,345873.2633373921,53.770030803320715,57.554032892087804,3.784002088767096,0.10595616344182532
1030985,42.4422,13.6831,2555.24,2008248,45.5883,14.4475,1792.09,355125.3155224438,9.646995175620791,57.381747705751366,47.73475253013058,0.050032395970923724
803947,46.6386,12.1386,3025.42,2208163,43.4611,12.7044,1697.96,356103.6919293707,172.62853917848463,125.4056607246238,47.22287845386083,0.05326093270944704
715406,47.0158,13.3217,3336.67,2331959,44.7944,15.7483,1645.62,310233.50067737437,141.8830814666099,125.69296988211455,16.190111584495355,0.1454879979630188
2454554,40.9769,14.6886,1596.42,718724,37.755,14.9953,3323.78,359226.867288536,175.69308624191765,121.79558631216274,53.89749992975493,0.04793102016928662
751644,46.5575,12.0642,3199.32,2543115,43.3683,12.7456,1562.45,358648.01796595997,171.1612362250324,125.34477362335954,45.81646260167287,0.05316370757742977
866079,46.0456,9.9083,2858.0,2652669,43.5578,12.5181,1521.83,344808.5144657133,142.4113033362989,124.96749037742924,17.443812958869643,0.09639956890406602
671461,46.1558,10.4967,3517.45,2776115,43.3319,13.0611,1478.62,373604.16916502366,146.2683649650122,125.0476990605835,21.2206659044287,0.07298962746207066
554743,46.3817,9.9078,3978.42,2975741,43.8011,12.3206,1413.85,343785.0744562042,145.7114769591132,125.21384565373452,20.49763130537869,0.1050666100224236
716762,46.3028,9.6761,3331.65,3001274,43.7881,12.0703,1405.9,336962.9497870189,145.21829771367163,125.15555007480478,20.062747638866853,0.10450305486182686
613380,46.4783,7.8761,3753.12,3407376,44.1714,11.3172,1288.49,371649.3058561478,132.40210390079946,125.28561084385353,7.116493056945927,0.0869290758467215
615013,44.6672,7.0889,3746.78,4344980,43.1267,11.0047,1062.39,357413.4027481068,117.26436448221713,117.26436448221713,0.0,0.09779359054379091
5147942,42.6764,18.1842,906.27,1190164,40.5594,20.4408,2360.69,300975.7725182778,140.6943082446468,122.75624519947182,17.938063045175,0.13435771226881957
840751,42.1792,23.5853,2921.37,1070876,45.5867,24.8292,2500.81,391777.7266320092,14.312345417570171,57.534509459304694,43.222164041734516,0.04302544084895149
1070734,45.3656,22.8928,2501.0,1276817,42.7272,25.0561,2275.26,340503.2769226651,148.72975703085257,124.48442357975969,24.245333451092876,0.09987195330560446
1388622,39.9197,16.1583,2178.06,1399279,40.5864,20.2439,2169.58,354520.01934777613,76.61575088221507,76.61575088221507,0.0,0.10297560113032268
1212898,37.9719,22.2003,2337.28,1630020,40.1583,24.3275,2006.46,304663.66790292086,36.4020552929525,59.6946944861268,23.292639193174296,0.13437385507937724
962902,42.1733,23.7114,2663.13,1677839,45.3056,24.0483,1976.9,349344.761352804,4.327514405566179,57.53791006826295,53.21039566269678,0.05128032034178582
1649372,42.9353,18.9975,1994.25,1773098,40.3422,20.1047,1919.71,302655.65729221614,161.9321240588405,122.91098067620807,39.02114338263243,0.1011042335974274
1407979,43.3942,22.6825,2162.7,1823505,45.3808,25.6247,1891.33,321604.9339410154,45.60289982078953,56.80896516411141,11.206065343321882,0.12702730201550397
1367859,42.7519,24.407,2195.38,1844154,45.49,25.9753,1879.86,329177.08183308324,21.80833744475265,57.19887036954777,35.39053292479514,0.0827172857530283
1119731,49.1625,19.9995,2439.78,1923531,46.7589,22.7942,1836.0,338675.5870372775,141.05001162106856,127.46794777228165,13.582063848786902,0.10791463246109477
1171579,42.7175,24.9169,2380.88,2058635,45.6028,26.4169,1767.21,342400.1090047834,19.933728349713718,57.21934532267794,37.28561697296422,0.0691881218731582
2238261,42.8331,23.6686,1684.87,1325917,45.5269,25.2117,2231.08,323810.2845818491,21.79855546817517,57.15037799945835,35.351822531283176,0.08672864556766822
1067696,38.6469,22.2519,2504.68,2425783,40.4617,25.5878,1607.82,349981.32243717107,53.740058015456086,59.38105050364928,5.640992488193206,0.09950812087275857
1059529,45.3403,23.5392,2515.66,2684025,42.7467,25.4386,1510.54,325889.07766504545,151.57235918449177,124.46683584914274,27.105523335349034,0.09687614798103365
718765,40.3953,39.065,3323.63,193032,43.05,43.2128,5125.73,453367.5926620308,48.02045880862151,58.51252331402612,10.492064505404613,0.07379043239793481
925630,40.5247,38.01,2731.45,60481,43.3525,42.438,5632.35,482587.6024219123,47.88976471897643,58.44483693504844,10.555072216072006,0.05272413409674302
978156,40.3894,38.2953,2637.28,766000,43.8286,40.2514,3148.42,415037.38240369054,22.226267849073487,58.51559784013111,36.28932999105763,0.04052196560266646
1119804,40.5406,37.9211,2439.69,610545,43.2347,41.5889,3764.04,426444.39170730754,44.172013026549195,58.43648618480273,14.264473158253537,0.061283772772807624
1385197,40.7303,39.1503,2180.89,470212,42.9614,43.4672,4287.2,435123.26510879176,53.82147781885566,58.33627984528166,4.514802026425997,0.06607010992827486
1389307,40.8844,39.1014,2177.46,381390,42.775,43.8053,4588.72,442726.853884764,60.10294051885516,60.10294051885516,0.0,0.06540867477244555
1733011,40.9147,39.3919,1943.25,444965,42.7461,43.8692,4377.42,423097.3476805525,59.7547422948699,59.7547422948699,0.0,0.07502849357173293
2245191,44.0786,39.5017,1681.82,570064,40.8356,41.1614,3921.08,385430.87864156166,158.7500886296875,123.62295271730167,35.127135912385825,0.059033768036694044
2590692,44.6128,34.2428,1544.48,1886769,41.7456,34.3053,1856.11,318858.1886331842,179.06783620543288,123.97246380387828,55.095372401554584,0.05780460112335563
198007,39.7022,44.2983,5111.0,587887,41.8206,47.3164,3853.0,346511.57441414584,46.20206159477203,58.866887497692716,12.664825902920683,0.18219026780758457
616318,42.0658,46.5178,3741.52,609710,38.2217,47.703,3767.28,439141.85963792505,166.35305838878855,122.40033040400851,43.95272798478004,0.03612625329706989
234550,43.0508,43.1344,5006.78,698726,40.2908,46.4917,3404.0,414592.7388586725,136.61321788954035,122.98076391028768,13.63245397925266,0.09524805307152323
722671,41.4372,43.6456,3308.0,644452,41.02,48.3042,3628.0,392293.0468303633,95.25116336928875,95.25116336928875,0.0,0.10750920208440745
753071,40.9475,43.0794,3194.0,731523,38.7561,45.8244,3274.0,338023.8443967244,135.23314662386218,121.77976898192726,13.453377641934935,0.1494927183408944
771641,43.7561,40.7553,3128.85,851089,40.8708,41.8622,2894.96,333481.4268228878,163.78728099198887,123.41725581322305,40.370025178765815,0.09876263830384537
857455,42.0461,46.0289,2879.19,306403,38.2669,47.8367,4805.46,447400.7572021633,159.32944839070169,122.38905373643547,36.940394654266214,0.04016973041701939
865814,42.0397,46.1453,2858.59,385912,38.2567,47.8169,4574.48,443969.69882753206,160.7936204542679,122.38539298296192,38.40822747130599,0.038341007655924284
902216,40.4222,43.1511,2778.0,767792,38.9533,46.1089,3142.0,301194.74097292236,121.88497722545188,121.50150727350604,0.3834699519458411,0.19975418719251165
826622,38.4967,46.3414,2959.0,1738753,40.8867,48.7358,1940.0,335526.5728983582,36.87015254658792,59.451843067908186,22.58169052132027,0.10755942130965736
758756,38.5878,45.9814,3174.0,4418348,40.4183,49.0081,1047.0,329909.34715417563,50.954858487128156,59.408974914785865,8.45411642765771,0.11575397161568604
1922862,40.4922,69.9203,1836.35,394131,40.9178,74.4247,4548.61,382589.13870114693,81.42978466595707,81.42978466595707,0.0,0.11497951881205956
2131493,40.2933,66.3769,1732.5,58641,39.6189,70.7183,5643.0,377518.7707035523,100.05622023433821,100.05622023433821,0.0,0.14173515910658202
3498212,40.6628,66.4875,1264.28,528839,41.4258,70.5697,4072.46,352665.092524814,74.7463176207874,74.7463176207874,0.0,0.13020716841281904
43154,41.0281,77.3353,5749.17,4239,36.3142,78.7672,6340.22,538676.647468687,166.20616556715177,121.82319465351058,44.3829709136412,0.027396585704190443
56919,40.9639,77.472,5653.71,4876,36.2683,78.8139,6307.91,534963.7422164854,166.9897587718785,121.78858902974918,45.20116974212934,0.0274445821450939
58147,41.0797,77.7667,5646.08,2750,36.2944,78.7547,6443.32,538954.9830541711,170.53296565677087,121.85109929199615,48.68186636477472,0.024753519079707048
5100,36.4797,77.6581,6297.79,158583,41.0803,77.8947,5235.45,511973.4416726773,2.2222857760084014,60.34869462386392,58.126408847855515,0.025309344351211314
4428,36.535,77.29,6329.83,199277,41.0603,78.102,5107.31,508079.2530026615,7.7085191824131964,60.32538314637179,52.61686396395859,0.02908522732544872
227894,40.4494,75.0872,5025.18,103442,36.8547,78.0645,5432.45,475966.7616344411,146.16375913251264,121.51571576821392,24.6480433642987,0.06472352767502725
43500,36.6986,77.6267,5746.25,231134,41.2008,78.27,5016.14,503698.24547575635,6.1401304144208915,60.256012059140666,54.11588164471978,0.02569242836599015
234097,40.4372,75.1022,5008.01,7798,36.6761,78.3578,6201.24,504925.1808642805,144.87905375571998,121.50934017252327,23.3697135831967,0.05627006268035659
8067,36.5278,77.403,6193.85,264909,41.0842,78.1714,4921.88,510997.9285615303,7.247888013757762,60.32842219011343,53.08053417635567,0.025689910146705287
291,39.3431,72.8778,7127.82,291371,42.4808,74.7147,4847.73,381490.10634813714,23.268201351001554,59.045206979268485,35.77700562826692,0.15119088814462203
297098,39.6542,70.1039,4831.56,345257,40.6578,74.4344,4695.0,384527.00203328265,71.74246623145044,71.74246623145044,0.0,0.16021285820965298
21789,36.7244,77.8403,5958.14,401654,41.0783,78.2714,4523.94,485564.49269609683,4.27189536946944,60.24501641712092,55.97312104765149,0.029296250276363855
426271,40.3203,75.6889,4442.07,3980,36.4919,77.7114,6356.31,460697.3265845419,156.87687525868097,121.44846892706975,35.4284063316112,0.0666482434877973
442508,42.1825,71.2483,4385.98,8408,39.12,72.1917,6184.45,349703.9629252502,166.536128093031,122.46739307753451,44.068735015496486,0.15321190388195102
2368,38.9314,71.9055,6478.97,452890,42.2919,72.6245,4349.58,378562.70419473946,8.992869269828587,59.24535603336996,50.252486763541356,0.10833353007903965
416912,39.5,68.7594,4474.13,458022,41.5703,73.6225,4331.04,470950.48079655354,59.17964114222394,59.17964114222394,0.0,0.06602654221960666
461910,41.8506,71.6097,4317.13,194569,40.04,74.8297,5121.04,337114.9441065899,125.6015315901328,122.27783073004778,3.3237008600850118,0.22429114665627853
481407,42.1292,71.1017,4246.55,851,39.3258,72.9747,6742.75,349378.00023653184,152.5306863972359,122.43670818318242,30.093978214053493,0.19878987439184748
497864,42.0642,71.0397,4186.29,4236,39.4692,73.6539,6340.32,362905.8785370714,141.79618048316132,122.39941405851906,19.396766424642266,0.1957364124834234
504077,40.6378,77.1964,4163.21,4963,36.4786,77.5172,6303.36,463321.0859460134,176.44763744194267,121.61472542451537,54.832912017427304,0.040314834342782054
506269,44.7092,79.7022,4155.23,427196,42.755,82.8186,4438.88,331489.0419564957,129.86628684222848,124.03673264036745,5.829554201861015,0.20996392322762567
135975,39.5978,70.4347,5313.02,513144,42.2875,73.3467,4130.06,386304.11285711563,38.33027875795493,58.91909460399417,20.58881584603924,0.13224508068665763
493190,39.2667,67.9356,4203.66,524906,42.1586,70.5294,4087.07,388794.479937343,33.371159545043724,59.082692016335756,25.71153247129203,0.1048093984594931
546457,42.5328,79.7686,4008.57,433250,43.8233,84.32,4417.95,395905.02070484724,67.205814799298,67.205814799298,0.0,0.12928475507389886
203387,39.6769,70.53,5095.21,546803,41.5647,74.1981,4007.44,373989.8325196553,54.6771408211626,58.87956688477543,4.202426063612819,0.15914879620182765
177834,39.4594,70.7628,5173.02,554887,42.2389,72.9236,3977.9,358513.13879081106,29.75644505966851,58.98784175145106,29.23139669178255,0.14249759960775657
5410,36.4783,76.8606,6284.57,559244,40.6731,78.1447,3961.8,479594.4148537799,13.06157896798298,60.34928389146849,47.28770492348551,0.03527050710776116
560743,44.7186,79.5995,3956.09,45140,41.9747,79.8781,5733.61,305937.61461981124,175.68104911345637,124.04301944292683,51.638029670529534,0.1743820422651241
397065,39.5206,69.4417,4539.19,562738,42.1125,72.1925,3948.82,369615.2140210315,37.879961766930194,58.957506732280414,21.077544965350228,0.13495043628771233
57065,36.9189,76.4861,5652.84,575319,40.7906,78.4503,3901.1,462856.847681739,20.94670677065961,60.16163063908637,39.21492386842675,0.044747339276217185
581339,41.3131,70.4014,3878.18,298594,40.5478,74.6242,4827.36,364772.3237342417,102.09958355341757,102.09958355341757,0.0,0.17325083272899672
394736,39.6439,69.6842,4546.7,582290,41.0169,74.1233,3874.56,406016.6782552914,66.48967068504403,66.48967068504403,0.0,0.11473331206586809
587611,41.2481,70.3397,3854.13,310793,40.1064,74.0208,4792.96,335344.6002437071,111.03535717403409,111.03535717403409,0.0,0.21127774076346756
383,38.2317,75.1117,7016.77,589806,40.8131,78.6947,3845.62,420450.3944471492,45.825965857512536,59.57533840366345,13.749372546150909,0.12256472523489353
594148,42.2033,74.8244,3828.9,567561,42.5233,79.0064,3930.59,345396.5536128453,82.68087203533517,82.68087203533517,0.0,0.17523770204074832
484335,42.4406,75.5206,4235.8,602097,42.7264,79.5081,3797.38,327976.0896062533,83.09292590928537,83.09292590928537,0.0,0.20125820486320853
603944,42.7097,72.4344,3790.32,497941,42.9608,76.7397,4185.99,352125.85124573956,83.99078035602287,83.99078035602287,0.0,0.17229818485274181
612374,42.7419,72.3603,3757.19,330092,42.7761,76.69,4738.4,353462.8809147712,87.91378202848752,87.91378202848752,0.0,0.18372585664921112
617213,40.8803,70.335,3737.71,319465,40.4775,74.5894,4768.24,361510.185663562,95.72603637710617,95.72603637710617,0.0,0.1737632409182479
642666,42.9175,78.6708,3635.21,506954,42.875,82.5206,4152.92,313612.8341861941,89.55252158644157,89.55252158644157,0.0,0.22189089803295015
213242,39.5719,69.5844,5066.93,659504,41.0747,73.9122,3566.63,403090.4494436109,64.12286818032184,64.12286818032184,0.0,0.11799283413715728
661841,41.1583,70.2303,3557.01,330409,40.0394,73.9303,4737.41,336213.8695950666,110.50488784250346,110.50488784250346,0.0,0.2038146004690667
480401,42.0306,76.0392,4250.36,681511,42.8311,79.6039,3475.76,305774.89875720226,71.88020577085001,71.88020577085001,0.0,0.22458023727832763
685912,44.4481,79.3958,3457.17,514863,43.1194,83.8903,4123.94,389817.4236164182,110.70196875291563,110.70196875291563,0.0,0.12196266263178215
406885,39.5233,69.2347,4506.99,704883,41.2725,73.6536,3378.36,421655.45831281424,61.11549749916547,61.11549749916547,0.0,0.09025854430299343
726407,44.4217,79.1839,3293.91,443518,43.1194,83.8122,4382.48,398775.3701748473,109.67634995949983,109.67634995949983,0.0,0.11556457862634543
730577,43.0422,75.8256,3277.73,491031,44.5656,80.5803,4211.56,417392.6560689741,64.42815629819468,64.42815629819468,0.0,0.09398367546937249
809763,43.3653,78.2378,3007.77,530184,44.0425,83.235,4067.33,408628.5216023638,77.6624414541806,77.6624414541806,0.0,0.09605683355317444
837004,43.1217,75.4589,2931.1,573002,44.8969,79.3919,3909.92,371281.70775605406,56.533584976935806,56.976166748776386,0.4425817718405938,0.13026358604002972
848038,40.7264,70.09,2902.92,421161,40.5125,74.4278,4459.38,366855.2786512951,92.30273521117948,92.30273521117948,0.0,0.14702484477584235
941819,40.0297,78.4433,2700.79,5189,36.2358,79.0036,6294.09,424696.1585999743,173.19954361767708,121.29885582382386,51.90068779385322,0.05014990619217664
1154065,43.2631,75.2817,2400.23,570598,44.7011,79.5178,3919.12,374694.62438202626,63.28295087264656,63.28295087264656,0.0,0.11911533715829174
1975573,43.5508,79.0067,1808.82,602158,43.9778,83.2408,3797.13,343274.5712521091,80.58941953466305,80.58941953466305,0.0,0.14398525266391105
455846,42.1833,71.1372,4338.76,4834200,44.8061,73.0172,964.86,328689.7396048799,26.83083495982575,57.53214564723917,30.70131068741341,0.10149722216030395
349,42.2111,80.1761,7053.61,279435,43.8364,84.6028,4881.46,402608.8710793628,61.83476382159128,61.83476382159128,0.0,0.17493987042136502
33522,42.1875,79.9639,5832.62,339931,44.0708,83.9439,4710.18,384861.7408898483,55.69254160047238,57.529723605381996,1.8371820049096073,0.17447825910039233
212611,42.0508,78.7336,5068.63,377325,45.0425,80.2564,4601.38,354561.09409169777,19.729292048020053,57.6082570446493,37.878964996629236,0.1407485102019491
4218,41.8861,80.1328,6341.38,431547,42.3986,84.0297,4423.84,326278.30152439704,78.63834644047948,78.63834644047948,0.0,0.25246124188372904
128,42.0356,80.1245,7419.46,435501,43.9578,84.2761,4410.28,399526.9320607757,56.26089658442913,57.6169514835408,1.3560548991116548,0.1716496448137058
210977,42.0469,78.9653,5073.39,437548,45.0292,80.0144,4403.24,342220.1321185282,13.94646028703945,57.61048857520188,43.66402828816243,0.13911657903533334
267909,42.1364,78.3339,4913.69,460576,44.6978,80.7803,4321.98,346605.32128219516,33.91659431645653,57.5591522345733,23.64255791811678,0.17191144359328908
87695,42.2322,79.7931,5497.49,466814,43.9706,83.795,4299.63,377996.2443877596,57.89336071890906,57.89336071890906,0.0,0.1680525364060365
239273,42.0939,79.4736,4993.75,470308,44.8133,80.4353,4286.9,312181.9868517785,14.068934729225957,57.58356260226231,43.514627873036346,0.17314875204352156
1968,42.0419,80.0058,6519.73,499300,44.1325,83.4328,4180.95,362556.1901695009,48.96679860667456,57.61334878409099,8.64655017741643,0.19482256781671606
302070,42.0994,78.4022,4817.78,501951,44.7953,80.02,4171.12,326966.3044152389,22.988389455777263,57.58040695690772,34.59201750113044,0.16857010750921259
56359,42.1481,79.6314,5657.27,505202,44.2231,83.3397,4159.38,378919.1717743522,51.238538509743,57.552421772875384,6.313883263132368,0.16366746126739337
1584,42.0378,80.505,6575.53,516486,45.1822,81.0106,4118.13,352000.55306575896,6.467084859815937,57.61569354543673,51.148608685620786,0.13107866730959244
540011,45.1714,80.7067,4032.08,416333,42.5625,82.3647,4476.15,319077.1725280103,154.8058170685885,124.35011305797104,30.455704010617467,0.18245423600709018
249936,43.1186,77.34,4963.76,547597,44.0842,82.7744,4004.59,450475.9440461192,74.3493402658852,74.3493402658852,0.0,0.08191450824769661
551072,45.1344,80.8405,3991.81,388824,42.4119,82.1214,4565.35,319709.1125064188,160.79020619406498,124.32470269502281,36.46550349904217,0.16856876458801465
311456,42.1431,78.3522,4791.13,574810,44.7017,80.8747,3903.06,349879.5182085122,34.74427097731936,57.55529859027024,22.81102761295088,0.15779675888303984
593168,47.0489,85.5664,3832.71,463022,43.0975,87.4644,4313.34,463926.8050182344,160.58492837689417,125.7185102064706,34.86641817042357,0.03720153450746447
476298,43.17,77.5045,4265.13,610249,44.0456,82.8781,3765.21,443379.61461473303,75.47278161237712,75.47278161237712,0.0,0.07602568527114936
614674,45.2739,81.2675,3748.1,497006,43.7844,85.6289,4189.41,383282.2338637406,114.05603133495299,114.05603133495299,0.0,0.13453918068282414
424402,42.9342,77.325,4448.52,622921,44.3094,81.9803,3715.17,404651.1873757963,66.20623136956826,66.20623136956826,0.0,0.11164884818290977
627445,43.3822,81.2914,3697.27,427111,43.3633,85.0367,4439.17,302705.8753061977,89.11134392135284,89.11134392135284,0.0,0.24719951283631247
138854,43.8022,88.3355,5302.96,635063,47.8275,89.7611,3666.77,461004.15687950904,13.357786923065175,56.553580169295245,43.19579324623007,0.03727683806100049
442638,41.9808,77.1683,4385.5,647403,43.3411,80.5047,3616.17,311907.98160921456,59.87141153685198,59.87141153685198,0.0,0.22146773961918145
656624,43.0986,80.5356,3578.4,422595,43.4611,84.8189,4454.5,349034.417755777,81.90364337120583,81.90364337120583,0.0,0.17964978992409042
423916,41.9275,77.0142,4450.15,668446,43.3061,80.3775,3529.88,314988.730200309,59.750912465455556,59.750912465455556,0.0,0.2156453629309693
543772,45.3053,81.5917,4018.32,747170,43.7831,86.1219,3215.67,396836.99060389114,113.64024441462156,113.64024441462156,0.0,0.10414624929563682
680701,43.2964,77.915,3479.05,761133,44.0,82.7719,3165.19,398475.5927744637,77.00874864157842,77.00874864157842,0.0,0.09508699613071496
375239,42.9358,77.2619,4607.74,777613,44.1692,81.8656,3109.24,395470.5374735211,68.13605170277323,68.13605170277323,0.0,0.1106223597290508
868922,47.0,83.6978,2851.18,782016,48.4981,87.9894,3094.44,361452.7053888855,60.98595044785905,60.98595044785905,0.0,0.12288210691501131
34886,37.795,86.8108,5819.68,920947,41.4725,88.2547,2740.4,427185.5985098077,16.367054192152626,59.775007247813974,43.40795305566135,0.049910974333273614
120683,37.8264,86.5122,5367.09,943846,41.4172,88.045,2697.4,420287.2027370229,17.715885859291284,59.760807777209706,42.04492191791843,0.05088951488334133
817726,47.1883,82.4658,2984.33,976554,48.5283,87.0183,2639.64,370820.2250905498,64.6368438513417,64.6368438513417,0.0,0.10571008274006585
1028632,42.5122,88.2808,2558.94,623661,43.4822,92.5283,3712.25,361832.41254307516,71.21838814524904,71.21838814524904,0.0,0.13137448948525
816623,47.2111,82.433,2987.72,1072641,48.3983,87.0475,2498.21,368977.9686578169,67.34174062879237,67.34174062879237,0.0,0.10487483241555173
1119494,41.6314,86.9325,2440.09,13375,37.8878,87.368,6078.59,417928.53966103593,174.74945789899746,122.15458901293951,52.59486888605795,0.048733792275444617
495437,45.075,80.4397,4195.38,1124892,47.205,83.0278,2433.27,309572.08890437824,39.16785051732502,55.71597225592867,16.54812173860364,0.176757704294839
1218966,47.5308,81.7217,2331.48,765187,49.0528,85.5975,3151.23,332897.62570202514,58.01339172178866,58.01339172178866,0.0,0.1501922813878155
1305107,47.3253,85.5678,2249.51,704557,47.5392,89.9936,3379.7,333707.40051889926,84.28531058983206,84.28531058983206,0.0,0.15319790428979194
5962,37.9136,87.3892,6262.6,1447310,41.3319,89.3775,2132.46,416469.99815813283,23.50490905390365,59.72124788745037,36.21633883354673,0.06067184934942145
1564125,41.6294,82.2128,2049.88,727244,41.9919,85.8303,3290.57,302489.7977150182,81.13935698151278,81.13935698151278,0.0,0.19023023437480258
1564644,47.4186,84.188,2049.5,672944,48.4703,88.3964,3511.66,334506.61676736106,67.986644753692,67.986644753692,0.0,0.15217721305733645
861807,44.1528,78.3878,2868.46,1874774,43.6489,82.3625,1862.47,323312.3505474117,98.59656662383367,98.59656662383367,0.0,0.1403164270976999
311709,43.4161,86.002,4790.4,3863687,46.5967,86.7989,1171.49,359167.0417406187,9.765036189577708,56.79541173997185,47.030375550394126,0.06193593270133596
268365,39.1686,93.0961,4912.33,279492,43.0742,94.3472,4881.32,446732.6035057782,13.158301357146073,59.1305935878442,45.972292230698145,0.050767428164335986
490622,43.4556,93.0636,4212.98,34193,39.2514,93.6964,5826.41,470455.4376782254,173.34311001362042,123.22907792112659,50.11403209249383,0.03716442291048806
533188,49.57,91.3858,4056.59,584874,46.6461,93.7006,3864.73,367710.7701779568,151.2700988992242,127.83432438387011,23.43577451535407,0.12421107183238578
682856,47.2883,93.0305,3470.03,546814,47.6089,97.5525,4007.42,341848.8331906281,82.35208180746325,82.35208180746325,0.0,0.17630437292629028
710884,47.2669,91.7567,3354.32,659559,46.7886,95.8008,3566.4,311066.1701627438,98.35947425950457,98.35947425950457,0.0,0.20552662590082357
180985,43.5072,85.8539,5162.91,721208,45.1936,90.9055,3313.66,443175.383158205,63.22304064534001,63.22304064534001,0.0,0.07853065984033739
677460,47.3744,91.4194,3492.57,837913,49.3764,94.688,2929.01,328334.1342667537,46.108411393815885,54.027445462020914,7.919034068205036,0.16428079730044268
927410,44.9569,93.4375,2727.75,942885,43.3114,96.5905,2698.95,311079.720568786,124.91692646923639,124.20359020477551,0.7133362644608781,0.17378069647900826
601278,44.7986,95.2403,3800.66,966539,41.9408,95.8447,2656.76,321503.4214211618,171.05115930455835,124.09666815074664,46.954491153811716,0.10496898574878642
1011683,41.5156,97.1369,2584.02,205070,38.9444,99.2861,5090.13,339131.9456483102,146.7563297161397,122.09009934258128,24.66623037355842,0.1579975624325553
1036048,49.4675,93.6044,2548.34,668603,46.5472,93.7845,3529.33,324998.4018822309,177.57007637291088,127.74121281196747,49.828863560943404,0.09339197532447083
621705,47.1672,91.5767,3720.0,1051014,49.3631,94.1703,2527.23,310566.7189982077,37.21457251196736,54.18976827442748,16.975195762460118,0.16999302900359095
599956,39.4008,93.4286,3806.11,1104823,41.0672,96.5058,2457.46,320228.300724634,53.66320968485641,59.01679226796119,5.353582583104782,0.1696730235299345
626166,47.2658,91.3661,3702.53,1125074,49.2833,94.3864,2433.05,316635.7395063148,43.77684291160892,54.112791508244655,10.335948596635745,0.16823638191861323
616659,45.5808,94.1183,3740.06,1202907,42.9967,95.3189,2347.43,302803.2398832671,161.18242886518055,124.63512627058958,36.547302594590974,0.13894806751146296
1245668,42.8633,98.7747,2304.91,647821,44.8944,101.5789,3614.59,318587.61376139056,43.89637737201627,57.13228439978685,13.235907027770565,0.1690327572564967
1260032,41.2036,95.5997,2291.12,348459,39.2747,98.6353,4685.83,335213.9999815304,128.78576680995974,121.91843507615776,6.8673317338019615,0.17990757424992207
1278595,49.665,93.2256,2273.56,492376,46.6175,93.5945,4206.65,339968.86756916984,175.2439036157692,127.92120598600162,47.32269762976756,0.08950653643868443
2535220,41.46,90.4753,1565.37,310607,38.6272,90.6386,4793.47,315299.23142346524,177.42029635111172,122.05928555060524,55.36101080050648,0.09849990945727938
1853461,50.2572,134.3883,1874.37,2012453,48.3375,137.5594,1789.88,313702.43214464094,131.65951713679266,128.47578709135783,3.183730045434828,0.1362732887612843
2670335,42.6133,139.9406,1515.5,2220427,45.1803,141.2414,1692.51,303859.7651095098,19.61098042659009,57.281117571040724,37.67013714445062,0.09194644134615847
2914730,49.8775,134.0756,1432.87,1505899,48.9,138.0622,2089.54,308292.35649419704,109.11952883074697,109.11952883074697,0.0,0.14402658633221999
3127975,49.5714,134.127,1367.73,2112408,49.4239,138.2983,1741.28,301653.43156961637,91.52881601319211,91.52881601319211,0.0,0.14378931698202277
1095833,41.7267,129.1903,2468.75,3269021,43.0708,132.6936,1326.92,324139.75066397595,61.372636092152135,61.372636092152135,0.0,0.12243629176836258
2487974,40.6589,140.8772,1583.42,2206169,43.2353,142.2839,1698.74,309190.157455964,21.63398630470821,58.37412081291694,36.74013450820874,0.0891045757481247
2712502,59.7622,-159.2242,1500.72,1253602,58.4175,-154.4508,2297.02,310862.52405938145,116.67744680747403,116.67744680747403,0.0,0.14640353106116125
3128194,59.8272,-159.2528,1367.66,1422556,58.3331,-154.6867,2151.4,309195.8022491769,120.515739618773,120.515739618773,0.0,0.14330823065721415
3504891,59.3611,-153.4292,1262.51,1281365,61.2567,-149.0806,2271.27,318934.6458768922,46.77618602172741,46.77618602172741,0.0,0.13225315126690063
3606440,57.3919,-153.5892,1235.97,778184,60.4853,-152.7428,3107.19,347373.2708017438,7.673986212230085,42.424844193894224,34.750857981664126,0.07348583396922326
7241858,59.8169,-147.6853,586.55,95443,60.2931,-140.9294,5464.89,378533.8762073033,79.04385786576178,79.04385786576178,0.0,0.11786731629312205
735027,60.4603,-142.3011,3260.79,735787,58.5633,-137.0803,3258.14,362111.6537921299,123.33873458613705,123.33873458613705,0.0,0.13123413514356594
355179,58.9064,-137.5261,4666.66,810531,57.0447,-132.0453,3005.38,383611.22777057375,120.29681465631425,120.29681465631425,0.0,0.12118692353769467
622583,59.0083,-137.5561,3716.45,824430,57.3925,-132.3042,2965.45,356196.21850007557,118.0278115261969,118.0278115261969,0.0,0.1377720607807397
625102,58.9997,-137.5086,3706.78,846855,57.1736,-132.3011,2905.91,367171.93751666823,121.32785810766609,121.32785810766609,0.0,0.12415433655677165
4234506,53.2272,-132.51,1086.06,1538633,55.3394,-129.5244,2066.89,304446.42088311905,38.32411240899608,48.357306659610906,10.033194250614827,0.13766871555349433
817418,51.2086,-123.3083,2985.24,749716,52.3875,-118.9394,3206.56,327719.01157214795,64.72064387205707,64.72064387205707,0.0,0.16786482478703982
818455,51.3228,-124.2986,2982.3,674161,52.8017,-119.7303,3506.5,352862.101246668,60.441759190844834,60.441759190844834,0.0,0.1434505702995178
789070,51.1381,-124.1125,3071.83,841841,52.7772,-120.0903,2918.73,330350.70371692564,54.95136379130283,54.95136379130283,0.0,0.15884302161160666
805722,51.3372,-124.4161,3019.75,868245,52.4417,-120.1961,2853.0,314510.97041559755,65.36857172557957,65.36857172557957,0.0,0.17730528608373425
862411,51.1661,-123.7583,2866.99,951936,53.1728,-120.7708,2682.61,302108.7130205287,41.2270469130818,50.627032660551706,9.399985747469913,0.1828247969599534
758083,51.1425,-124.1717,3176.08,987117,52.7839,-120.3642,2622.47,318310.79094618245,53.532796642062955,53.532796642062955,0.0,0.16881394905264818
860314,51.3064,-124.3783,2871.73,1051652,52.7181,-120.6017,2526.46,302344.328671281,57.25009180631588,57.25009180631588,0.0,0.18372199985470736
782943,51.2736,-124.5725,3091.29,1062489,52.3864,-120.5136,2511.65,305078.4226456224,64.48978412653973,64.48978412653973,0.0,0.1827680276702105
760129,51.5911,-124.6858,3168.91,1099225,52.9767,-120.8158,2465.02,304962.4511057975,58.140098370006726,58.140098370006726,0.0,0.1828872784973631
799856,51.1656,-124.1086,3038.23,1130641,52.8311,-120.5703,2426.99,304859.1969613386,51.216531685652825,51.216531685652825,0.0,0.18015600277364027
564918,51.3756,-125.2667,3940.63,1138191,52.3089,-120.6386,2418.23,334385.2987488856,70.11267930077159,70.11267930077159,0.0,0.15414771336662322
1494001,50.4792,-124.5578,2098.21,1177953,47.8134,-123.2334,2373.78,311669.50872473634,161.49362647467763,128.68963530570346,32.803991168974164,0.11190724475653646
1511638,50.0544,-126.1003,2085.67,728395,48.7768,-121.8145,3286.05,340964.2206771679,112.9796167656277,112.9796167656277,0.0,0.13966597347303716
2113977,50.0267,-124.1817,1740.5,440598,46.8529,-121.7604,4392.47,395482.4083562992,152.24268918379536,128.2572270992334,23.98546208456196,0.07381033039881389
796427,51.2336,-123.4733,3048.45,844685,52.3169,-119.0436,2911.25,327643.50592349697,66.70376825479029,66.70376825479029,0.0,0.16178470007747262
560957,49.6922,91.3989,3955.33,756356,50.5131,96.5292,3182.43,377030.90239876416,74.03317640014951,74.03317640014951,0.0,0.12267455209463381
745468,49.8903,91.7522,3222.12,871549,50.5619,96.1342,2845.1,320494.1394304831,74.84998190775248,74.84998190775248,0.0,0.17205603105573689
561337,49.7089,91.3189,3953.96,1006632,50.3469,96.0831,2591.47,347572.16863767325,76.4056030307945,76.4056030307945,0.0,0.14254470383490125
1152512,50.8003,91.5817,2402.12,928807,49.2881,95.0908,2725.13,301718.76240053837,122.50873809393975,122.50873809393975,0.0,0.1825479950865552
685815,50.3544,90.9714,3457.57,1177914,50.6486,95.6372,2373.82,331556.74165774666,82.54111892532632,82.54111892532632,0.0,0.14998167190193742
839151,50.4464,90.725,2925.67,1422561,50.495,95.0825,2151.39,308394.2711960051,87.31577170554303,87.31577170554303,0.0,0.1668845112590782
1347008,53.8597,89.3006,2212.6,1517669,52.8694,93.7281,2081.26,313668.5465715446,108.76119309095611,108.76119309095611,0.0,0.14818137123327832
1612792,53.9361,108.0992,2017.58,1277878,56.2456,110.6475,2274.17,303670.4919393422,31.231217272568376,47.48980402962156,16.258586757053195,0.1487923659230303
2162537,52.5494,107.4406,1718.2,1250178,54.8183,109.9664,2300.29,302143.59315196954,32.38490573459452,49.14292386823914,16.75801813364461,0.1460170957392476
2452701,53.9628,130.2622,1597.17,1428039,54.0983,134.9858,2147.43,308811.8319544284,85.29368633476138,85.29368633476138,0.0,0.1470618049362714
1671650,54.0261,135.165,1980.55,3008336,56.4036,137.8467,1403.8,314318.3095641067,31.666212376966133,47.37610603400466,15.70989365703852,0.1174829934150645
1477312,53.3861,135.0608,2110.41,3992813,55.8819,136.8917,1140.68,301474.00738857174,22.262805804178303,48.1670710464764,25.904265242298095,0.11302773000820474
1241228,50.8611,155.5647,2309.08,688610,53.3206,158.7117,3445.99,347806.55442261766,36.94015561759944,50.93457511571275,13.994419498113302,0.1276504504080071
1300362,53.9042,158.0706,2253.95,1059521,56.6156,159.6514,2515.67,317675.9356336601,17.73136282900396,47.5299054636535,29.79854263464955,0.11565669863819843
1635911,53.8931,157.9464,2002.86,2379355,56.4622,159.8667,1626.16,310573.9500475323,22.329239405688135,47.543835065567315,25.214595659879194,0.11160810133780512
3624176,52.3358,158.2897,1231.42,672515,54.7528,160.5325,3513.57,306866.6592341375,27.973946845261295,49.38217891310361,21.408232067842306,0.14992249583878153
647646,55.6778,157.7183,3615.24,1004542,57.9214,160.6772,2594.88,307664.4214773658,34.60422203504729,45.13075133442619,10.526529299378893,0.18288026207762997
1433136,58.5617,161.0322,2143.18,1217118,55.7522,161.1783,2333.2,312526.01260124,178.3229709822675,139.69930337363618,38.62366760863131,0.10033066741593472
1494718,55.3764,160.8767,2097.65,1394248,58.2,160.963,2173.7,314013.768896678,0.9230775033748063,45.56444033805663,44.641362834681814,0.08581814250451886
292149,56.0578,160.6439,4845.56,2144475,59.2236,161.9325,1726.33,360259.8397199298,11.7478371544696,44.56721210675539,32.819374952285784,0.08766669446700445
427283,56.0186,160.5933,4438.59,5198342,59.0322,162.4839,897.09,353560.7589929852,17.821556853394235,44.6262372578734,26.80468040447917,0.08360580519079237
911483,56.6433,161.3067,2759.37,5807972,59.3156,162.7889,791.32,309709.681163128,15.761832977671837,43.65997679742411,27.898143819752278,0.10270958239323792
731417,56.6536,161.3633,3274.45,6536305,59.4019,163.088,680.38,321999.4954379598,17.65250843240527,43.64357285933617,25.991064426930905,0.09726884157461158
478852,62.9394,-151.525,4255.99,246848,62.2156,-144.1306,4972.72,386897.7848660231,98.70003551275443,98.70003551275443,0.0,0.15542650991694618
709294,61.2986,-152.2517,3360.54,558512,63.5683,-146.3961,3964.41,392791.1640706979,47.48128860695285,47.48128860695285,0.0,0.11430147105846689
1168635,60.7608,-153.425,2383.82,760487,61.5544,-147.6661,3167.49,321146.11770177336,71.5474104987108,71.5474104987108,0.0,0.16652042340945922
1500248,62.5917,-153.0178,2093.4,630731,61.4647,-147.5578,3684.25,310992.41193795286,111.32504917001971,111.32504917001971,0.0,0.1886751810291085
1833285,60.0922,-150.2783,1885.65,1045112,63.2411,-150.2033,2535.25,350163.84564052324,0.6147033339759275,37.07931159387682,36.4646082599009,0.06875639726177575
955162,63.345,-150.1255,2676.62,1979889,60.1739,-150.1161,1806.71,352610.41168548045,179.91548361491868,152.46135293678165,27.454130678137034,0.07815539043080684
2121867,60.0811,-153.4583,1736.8,747655,61.3272,-147.9861,3213.86,328269.2469484294,62.67448915391894,62.67448915391894,0.0,0.14850566958611155
2529381,60.025,-153.2533,1567.56,1431337,61.6231,-148.6967,2144.65,304169.67935060995,52.29276897843242,52.29276897843242,0.0,0.15262696627149216
2759350,60.0072,-159.2889,1484.26,1904678,58.2344,-155.1025,1846.17,309638.623712286,127.7155262479666,127.7155262479666,0.0,0.13763647083805494
2813263,60.1678,-159.24,1466.08,1404234,58.195,-155.255,2165.55,315585.00637063413,132.29357703380617,132.29357703380617,0.0,0.1370017666635828
3224946,60.3792,-159.09,1339.48,883276,61.7139,-154.0989,2818.68,306819.30586989794,58.91553552100036,58.91553552100036,0.0,0.16138018932911719
3299255,60.3733,-159.1311,1318.55,898991,61.6861,-154.2,2784.78,302943.3670972484,59.06236985893957,59.06236985893957,0.0,0.1655604882135308
3725822,60.6208,-159.0267,1205.59,920509,61.8267,-153.9244,2741.29,304146.02480588586,61.629551684306975,61.629551684306975,0.0,0.16111336195248496
4101344,60.5506,-159.3794,1115.67,831012,61.8039,-154.1472,2946.98,313075.566769641,61.30296920990159,61.30296920990159,0.0,0.15250220880876367
135924,62.9606,-151.3994,5313.18,241358,61.7317,-143.4383,4987.8,432654.79252248514,104.84123095637814,104.84123095637814,0.0,0.12073776023671864
552798,61.4375,-147.7517,3985.53,24100,60.5678,-140.405,5930.7,407410.73658162577,100.4907282197058,100.4907282197058,0.0,0.14926731890074418
651820,63.6383,-147.1494,3598.14,238993,61.3847,-141.7511,4994.49,373356.2702748182,129.70938042143445,129.70938042143445,0.0,0.16220554710131546
715226,61.4992,-147.31,3337.37,525228,61.5219,-141.1017,4085.89,329171.0346705117,86.83238041558099,86.83238041558099,0.0,0.19324284403559414
24522,63.0978,-151.0067,5926.24,797688,61.6411,-143.3411,3044.33,426871.45282310713,108.85394171284779,108.85394171284779,0.0,0.09555943090245383
910244,63.6381,-147.3789,2761.69,493219,61.7439,-142.8683,4203.55,311820.73880198185,130.44837920392104,130.44837920392104,0.0,0.21176852569512591
995570,62.0742,-148.4556,2609.08,538542,61.3383,-141.9706,4037.5,351290.3190793499,100.59382572005968,100.59382572005968,0.0,0.15183859014365228
1039801,60.4472,-142.4411,2542.71,583970,58.6622,-137.1717,3868.23,356973.1528702169,121.47159134264766,121.47159134264766,0.0,0.14016728100124476
831685,63.6792,-147.3667,2945.19,1140543,61.16,-144.8133,2415.83,309375.5729433795,153.72299793211644,153.72299793211644,0.0,0.1723340474801455
1312467,59.9853,-153.07,2243.12,1348459,61.9814,-148.1522,2211.48,345705.44144343026,47.9458480293358,47.9458480293358,0.0,0.11383027285439747
867138,63.6467,-147.3239,2855.68,1385814,61.2197,-144.0856,2180.35,317085.08548409276,146.86095381998686,146.86095381998686,0.0,0.15521759444535327
1417595,62.0661,-147.8094,2155.14,442260,61.3272,-141.7861,4386.9,327882.58202020766,101.84087011127501,101.84087011127501,0.0,0.18354535358087756
767759,63.6717,-146.8411,3142.11,1430563,61.1569,-144.6872,2145.25,300782.6977372846,157.40712897543486,153.7537819120896,3.653347063345251,0.17947340513378787
885273,61.7639,-153.8922,2813.83,1577357,62.6303,-148.4061,2040.82,300291.6197247555,68.88131022080407,68.88131022080407,0.0,0.173552746257172
2024765,60.5131,-149.1783,1783.82,742872,60.5203,-143.0928,3231.74,332922.04809895396,87.21308045119096,87.21308045119096,0.0,0.14379002019963408
2545623,63.8153,-141.1606,1561.5,410703,61.0036,-140.0167,4494.46,318135.1098342854,168.8206477120149,154.3520397216967,14.46860799031819,0.1759953642078067
392864,60.3197,-139.0711,4552.37,1667817,61.7772,-133.9128,1982.83,321357.95320497925,57.487802281946486,57.487802281946486,0.0,0.16822506742417068
2602148,63.9981,-41.4417,1540.34,1777574,66.1933,-37.045,1917.33,319173.7806658933,38.16594827719831,38.16594827719831,0.0,0.12832241040522827
2625230,63.8125,-41.0144,1531.84,2304653,66.1203,-37.4428,1656.85,306641.3145566101,31.61161942885758,31.61161942885758,0.0,0.13787943527448693
740851,67.0658,-35.5806,3238.94,718566,68.8519,-28.2428,3324.39,364612.86692025006,53.66658720935584,53.66658720935584,0.0,0.12955758464680095
883532,67.19,-34.9883,2818.11,764528,68.9106,-28.2183,3153.4,339981.9022073263,52.678777506347764,52.678777506347764,0.0,0.14861145521716998
1316327,66.9425,-34.8672,2239.43,748787,68.8456,-29.2633,3209.92,315648.68256432976,45.36337913582805,45.36337913582805,0.0,0.1727244108394934
1806479,66.7189,-34.7928,1900.85,669691,68.7761,-29.4078,3524.76,321879.91406112065,42.27880340328954,42.27880340328954,0.0,0.1666197476224491
1899754,66.7817,-34.7211,1848.81,1099360,68.5758,-28.8128,2464.89,319240.46563536744,48.649365678280276,48.649365678280276,0.0,0.1446316491322449
5133726,66.5817,-34.3078,908.93,712793,68.8064,-29.2822,3346.78,325654.12924551667,38.3046022210958,38.3046022210958,0.0,0.14199980385133612
1497700,67.1514,139.7367,2095.33,1165019,65.4114,145.3178,2387.87,315639.6231226181,125.19958202437834,125.19958202437834,0.0,0.1510371650023612
1424505,64.1189,133.6639,2150.02,2239223,61.9056,137.5305,1684.44,313951.79699654714,139.8577242621584,139.8577242621584,0.0,0.13798684509461107
1091881,66.6944,140.1378,2473.78,1260160,65.9408,146.7289,2290.95,305909.40561109135,102.85384677852896,102.85384677852896,0.0,0.1670874367501884
1440833,66.9783,140.0422,2137.47,1116414,65.2639,145.3583,2443.49,305771.53169836046,126.09077922094336,126.09077922094336,0.0,0.16599962712266708
1663393,66.8503,140.1133,1985.55,861396,65.2367,146.0,2869.3,320478.69483412744,121.30759148636785,121.30759148636785,0.0,0.1543270833594673
2079861,61.2608,155.5611,1756.94,2867127,61.6558,161.1511,1448.13,300123.3615421851,79.13828117932299,79.13828117932299,0.0,0.14464487064510412
1643729,61.4864,155.3145,1997.79,3452290,61.8511,161.1094,1276.53,308365.6909166699,79.90131371676857,79.90131371676857,0.0,0.13376093258696958
2457763,80.1203,-92.9083,1595.14,1994366,80.5142,-76.4236,1798.99,310310.635195618,73.84276192218029,73.84276192218029,0.0,0.1373232781930801
1790832,82.4078,-66.6694,1909.63,3420762,82.6497,-45.2653,1284.93,308838.6549481446,74.47689920910616,74.47689920910616,0.0,0.13218530329940656
